date,employee_id,first_name,last_name,clock_in,clock_out,late,overtime,hours_worked,regular_hours_worked,schedule_in,schedule_out,break,first_cutOff,second_cutOff
3-Jan-24,001,Manuel III,Garcia,8:40,17:35,0:10,0,8:05:00,8,8:30,17:30,1:00,89:07:00,113:21:00
4-Jan-24,001,Manuel III,Garcia,8:33,17:33,0:03,0,8:03:00,8,8:30,17:30,1:00,89:07:00,113:21:00
5-Jan-24,001,Manuel III,Garcia,8:35,17:35,0:05,0,8:05:00,8,8:30,17:30,1:00,89:07:00,113:21:00
6-Jan-24,001,Manuel III,Garcia,8:33,17:40,0:03,0,8:10:00,8,8:30,17:30,1:00,90:07:00,114:21:00
8-Jan-24,001,Manuel III,Garcia,8:31,17:35,0:01,0,8:05:00,8,8:30,17:30,1:00,91:07:00,115:21:00
9-Jan-24,001,Manuel III,Garcia,8:30,17:30,0:00,0,8:00:00,8,8:30,17:30,1:00,92:07:00,116:21:00
10-Jan-24,001,Manuel III,Garcia,8:35,17:30,0:05,0,8:00:00,8,8:30,17:30,1:00,93:07:00,117:21:00
11-Jan-24,001,Manuel III,Garcia,8:33,17:43,0:03,0,8:13:00,8,8:30,17:30,1:00,94:07:00,118:21:00
12-Jan-24,001,Manuel III,Garcia,8:35,17:36,0:05,0,8:06:00,8,8:30,17:30,1:00,95:07:00,119:21:00
13-Jan-24,001,Manuel III,Garcia,8:37,17:40,0:07,0,8:10:00,8,8:30,17:30,1:00,96:07:00,120:21:00
15-Jan-24,001,Manuel III ,Garcia,8:33,17:40,0:03,0,8:10:00,8,8:30,17:30,1:00,97:07:00,121:21:00
16-Jan-24,001,Manuel III ,Garcia,8:30,17:39,0:00,0,8:09:00,8,8:30,17:30,1:00,98:07:00,122:21:00
17-Jan-24,001,Manuel III ,Garcia,8:28,17:33,0:07,0,8:03:00,8,8:30,17:30,1:00,99:07:00,123:21:00
18-Jan-24,001,Manuel III ,Garcia,8:30,17:40,0:00,0,8:10:00,8,8:30,17:30,1:00,100:07:00,124:21:00
19-Jan-24,001,Manuel III ,Garcia,8:47,17:38,0:17,0,8:08:00,8,8:30,17:30,1:00,101:07:00,125:21:00
20-Jan-24,001,Manuel III ,Garcia,8:30,17:35,0:00,0,8:05:00,8,8:30,17:30,1:00,102:07:00,126:21:00
22-Jan-24,001,Manuel III ,Garcia,8:57,17:30,0:27,0,8:00:00,8,8:30,17:30,1:00,103:07:00,127:21:00
23-Jan-24,001,Manuel III ,Garcia,8:30,17:35,0:00,0,8:05:00,8,8:30,17:30,1:00,104:07:00,128:21:00
24-Jan-24,001,Manuel III ,Garcia,8:35,17:39,0:05,0,8:09:00,8,8:30,17:30,1:00,105:07:00,129:21:00
25-Jan-24,001,Manuel III ,Garcia,8:31,17:45,0:01,0,8:15:00,8,8:30,17:30,1:00,106:07:00,130:21:00
26-Jan-24,001,Manuel III ,Garcia,8:37,17:40,0:07,0,8:10:00,8,8:30,17:30,1:00,107:07:00,131:21:00
27-Jan-24,001,Manuel III ,Garcia,8:28,17:33,0:07,0,8:03:00,8,8:30,17:30,1:00,108:07:00,132:21:00
29-Jan-24,001,Manuel III ,Garcia,8:41,17:30,0:11,0,8:00:00,8,8:30,17:30,1:00,109:07:00,133:21:00
30-Jan-24,001,Manuel III ,Garcia,8:30,17:30,0:00,0,8:00:00,8,8:30,17:30,1:00,110:07:00,134:21:00
31-Jan-24,001,Manuel III ,Garcia,8:40,17:34,0:10,0,8:04:00,8,8:30,17:30,1:00,111:07:00,135:21:00
3-Jan-24,002,Antonio ,Lim,8:30,17:43,0:00,0,8:13:00,8,8:30,17:30,1:00,64:58:00,111:48:00
4-Jan-24,002,Antonio ,Lim,8:39,17:40,0:09,0,8:10:00,8,8:30,17:30,1:00,64:58:00,111:48:00
5-Jan-24,002,Antonio ,Lim,8:59,17:48,0:29,0,8:18:00,8,8:30,17:30,1:00,64:58:00,111:48:00
6-Jan-24,002,Antonio ,Lim,8:40,17:30,0:10,0,8:00:00,8,8:30,17:30,1:00,64:58:00,111:48:00
8-Jan-24,002,Antonio ,Lim,8:30,17:31,0:00,0,8:01:00,8,8:30,17:30,1:00,64:58:00,111:48:00
9-Jan-24,002,Antonio ,Lim,8:31,17:34,0:01,0,8:04:00,8,8:30,17:30,1:00,64:58:00,111:48:00
10-Jan-24,002,Antonio ,Lim,8:35,17:39,0:05,0,8:09:00,8,8:30,17:30,1:00,64:58:00,111:48:00
11-Jan-24,002,Antonio ,Lim,Sick Leave,Sick Leave,Sick Leave,Sick Leave,Sick Leave,Sick Leave,Sick Leave,Sick Leave,Sick Leave,64:58:00,111:48:00
12-Jan-24,002,Antonio ,Lim,Sick Leave,Sick Leave,Sick Leave,Sick Leave,Sick Leave,Sick Leave,Sick Leave,Sick Leave,Sick Leave,64:58:00,111:48:00
15-Jan-24,002,Antonio ,Lim,8:28,17:33,0:01,0,8:03:00,8,8:30,17:30,1:00,64:58:00,111:48:00
16-Jan-24,002,Antonio ,Lim,8:41,17:30,0:11,0,8:00:00,8,8:30,17:30,1:00,64:58:00,111:48:00
17-Jan-24,002,Antonio ,Lim,8:30,17:30,0:00,0,8:00:00,8,8:30,17:30,1:00,64:58:00,111:48:00
18-Jan-24,002,Antonio ,Lim,8:40,17:34,0:10,0,8:04:00,8,8:30,17:30,1:00,64:58:00,111:48:00
19-Jan-24,002,Antonio ,Lim,8:47,17:38,0:17,0,8:08:00,8,8:30,17:30,1:00,64:58:00,111:48:00
20-Jan-24,002,Antonio ,Lim,8:30,17:35,0:01,0,7:05:00,8,9:30,17:30,1:00,64:58:00,111:48:00
22-Jan-24,002,Antonio ,Lim,8:57,17:30,0:27,0,8:00:00,8,8:30,17:30,1:00,64:58:00,111:48:00
23-Jan-24,002,Antonio ,Lim,8:29,17:30,0:01,0,8:00:00,8,8:30,17:30,1:00,64:58:00,111:48:00
24-Jan-24,002,Antonio ,Lim,8:30,17:30,0:00,0,8:00:00,8,8:30,17:30,1:00,64:58:00,111:48:00
25-Jan-24,002,Antonio ,Lim,8:47,17:38,0:17,0,8:08:00,8,8:30,17:30,1:00,64:58:00,111:48:00
26-Jan-24,002,Antonio ,Lim,8:30,17:35,0:00,0,8:05:00,8,8:30,17:30,1:00,64:58:00,111:48:00
27-Jan-24,002,Antonio ,Lim,8:57,17:30,0:27,0,8:00:00,8,8:30,17:30,1:00,64:58:00,111:48:00
29-Jan-24,002,Antonio ,Lim,8:29,17:30,0:01,0,8:00:00,8,8:30,17:30,1:00,64:58:00,111:48:00
30-Jan-24,002,Antonio ,Lim,8:39,17:40,0:09,0,8:10:00,8,8:30,17:30,1:00,64:58:00,111:48:00
31-Jan-24,002,Antonio ,Lim,8:47,17:38,0:17,0,8:08:00,8,8:30,17:30,1:00,64:58:00,111:48:00
3-Jan-24,003,Bianca Sofia ,Aquino,8:40,17:34,0:10,0,8:04:00,8,8:30,17:30,1:00,88:53:00,88:46:00
4-Jan-24,003,Bianca Sofia ,Aquino,8:59,17:48,0:29,0,8:18:00,8,8:30,17:30,1:00,88:53:00,88:46:00
5-Jan-24,003,Bianca Sofia ,Aquino,8:40,17:30,0:10,0,8:00:00,8,8:30,17:30,1:00,88:53:00,88:46:00
6-Jan-24,003,Bianca Sofia ,Aquino,8:47,17:38,0:17,0,8:08:00,8,8:30,17:30,1:00,88:53:00,88:46:00
8-Jan-24,003,Bianca Sofia ,Aquino,8:30,17:35,0:00,0,8:05:00,8,8:30,17:30,1:00,88:53:00,88:46:00
9-Jan-24,003,Bianca Sofia ,Aquino,8:57,17:30,0:27,0,8:00:00,8,8:30,17:30,1:00,88:53:00,88:46:00
10-Jan-24,003,Bianca Sofia ,Aquino,8:47,17:38,0:17,0,8:08:00,8,8:30,17:30,1:00,88:53:00,88:46:00
11-Jan-24,003,Bianca Sofia ,Aquino,8:30,17:35,0:00,0,8:05:00,8,8:30,17:30,1:00,88:53:00,88:46:00
12-Jan-24,003,Bianca Sofia ,Aquino,8:57,17:30,0:27,0,8:00:00,8,8:30,17:30,1:00,88:53:00,88:46:00
13-Jan-24,003,Bianca Sofia ,Aquino,8:30,17:35,0:00,0,8:05:00,8,8:30,17:30,1:00,88:53:00,88:46:00
15-Jan-24,003,Bianca Sofia ,Aquino,8:57,17:30,0:27,0,8:00:00,8,8:30,17:30,1:00,88:53:00,88:46:00
16-Jan-24,003,Bianca Sofia ,Aquino,8:30,17:35,0:00,0,8:05:00,8,8:30,17:30,1:00,88:53:00,88:46:00
17-Jan-24,003,Bianca Sofia ,Aquino,8:57,17:30,0:27,0,8:00:00,8,8:30,17:30,1:00,88:53:00,88:46:00
18-Jan-24,003,Bianca Sofia ,Aquino,8:30,17:35,0:00,0,8:05:00,8,8:30,17:30,1:00,88:53:00,88:46:00
19-Jan-24,003,Bianca Sofia ,Aquino,8:47,17:38,0:17,0,8:08:00,8,8:30,17:30,1:00,88:53:00,88:46:00
20-Jan-24,003,Bianca Sofia ,Aquino,8:30,17:35,0:00,0,8:05:00,8,8:30,17:30,1:00,88:53:00,88:46:00
22-Jan-24,003,Bianca Sofia ,Aquino,Vacation Leave,Vacation Leave,Vacation Leave,Vacation Leave,Vacation Leave,Vacation Leave,Vacation Leave,Vacation Leave,Vacation Leave,88:53:00,88:46:00
23-Jan-24,003,Bianca Sofia ,Aquino,Vacation Leave,Vacation Leave,Vacation Leave,Vacation Leave,Vacation Leave,Vacation Leave,Vacation Leave,Vacation Leave,Vacation Leave,88:53:00,88:46:00
24-Jan-24,003,Bianca Sofia ,Aquino,Vacation Leave,Vacation Leave,Vacation Leave,Vacation Leave,Vacation Leave,Vacation Leave,Vacation Leave,Vacation Leave,Vacation Leave,88:53:00,88:46:00
25-Jan-24,003,Bianca Sofia ,Aquino,Vacation Leave,Vacation Leave,Vacation Leave,Vacation Leave,Vacation Leave,Vacation Leave,Vacation Leave,Vacation Leave,Vacation Leave,88:53:00,88:46:00
26-Jan-24,003,Bianca Sofia ,Aquino,8:35,17:35,0:05,0,8:05:00,8,8:30,17:30,1:00,88:53:00,88:46:00
27-Jan-24,003,Bianca Sofia ,Aquino,8:35,17:35,0:05,0,8:05:00,8,8:30,17:30,1:00,88:53:00,88:46:00
29-Jan-24,003,Bianca Sofia ,Aquino,8:30,17:30,0:00,0,8:00:00,8,8:30,17:30,1:00,88:53:00,88:46:00
30-Jan-24,003,Bianca Sofia ,Aquino,8:35,17:30,0:05,0,8:00:00,8,8:30,17:30,1:00,88:53:00,88:46:00
31-Jan-24,003,Bianca Sofia ,Aquino,8:33,17:43,0:03,0,8:13:00,8,8:30,17:30,1:00,88:53:00,88:46:00
3-Jan-24,004,Isabella ,Reyes,8:35,17:36,0:05,0,8:06:00,8,8:30,17:30,1:00,89:26:00,113:31:00
4-Jan-24,004,Isabella ,Reyes,8:37,17:40,0:07,0,8:10:00,8,8:30,17:30,1:00,89:26:00,113:31:00
5-Jan-24,004,Isabella ,Reyes,8:27,17:40,0:01,0,8:10:00,8,8:30,17:30,1:00,89:26:00,113:31:00
6-Jan-24,004,Isabella ,Reyes,8:30,17:39,0:00,0,8:09:00,8,8:30,17:30,1:00,89:26:00,113:31:00
8-Jan-24,004,Isabella ,Reyes,8:27,17:33,0:01,0,8:03:00,8,8:30,17:30,1:00,89:26:00,113:31:00
9-Jan-24,004,Isabella ,Reyes,8:25,17:30,0:01,0,8:00:00,8,8:30,17:30,1:00,89:26:00,113:31:00
10-Jan-24,004,Isabella ,Reyes,8:20,17:43,0:01,0,8:13:00,8,8:30,17:30,1:00,89:26:00,113:31:00
11-Jan-24,004,Isabella ,Reyes,8:30,17:36,0:00,0,8:06:00,8,8:30,17:30,1:00,89:26:00,113:31:00
12-Jan-24,004,Isabella ,Reyes,8:30,17:40,0:00,0,8:10:00,8,8:30,17:30,1:00,89:26:00,113:31:00
13-Jan-24,004,Isabella ,Reyes,8:27,17:40,0:01,0,8:10:00,8,8:30,17:30,1:00,89:26:00,113:31:00
15-Jan-24,004,Isabella ,Reyes,8:30,17:39,0:00,0,8:09:00,8,8:30,17:30,1:00,89:26:00,113:31:00
16-Jan-24,004,Isabella ,Reyes,8:27,17:33,0:01,0,8:03:00,8,8:30,17:30,1:00,89:26:00,113:31:00
17-Jan-24,004,Isabella ,Reyes,8:25,17:40,0:01,0,8:10:00,8,8:30,17:30,1:00,89:26:00,113:31:00
18-Jan-24,004,Isabella ,Reyes,8:20,17:43,0:01,0,8:13:00,8,8:30,17:30,1:00,89:26:00,113:31:00
19-Jan-24,004,Isabella ,Reyes,8:37,17:36,0:07,0,8:06:00,8,8:30,17:30,1:00,89:26:00,113:31:00
20-Jan-24,004,Isabella ,Reyes,8:27,17:40,0:01,0,8:10:00,8,8:30,17:30,1:00,89:26:00,113:31:00
22-Jan-24,004,Isabella ,Reyes,8:37,17:38,0:07,0,8:08:00,8,8:30,17:30,1:00,89:26:00,113:31:00
23-Jan-24,004,Isabella ,Reyes,8:37,17:34,0:07,0,8:04:00,8,8:30,17:30,1:00,89:26:00,113:31:00
24-Jan-24,004,Isabella ,Reyes,8:27,17:48,0:01,0,8:18:00,8,8:30,17:30,1:00,89:26:00,113:31:00
25-Jan-24,004,Isabella ,Reyes,8:30,17:30,0:00,0,8:00:00,8,8:30,17:30,1:00,89:26:00,113:31:00
26-Jan-24,004,Isabella ,Reyes,8:30,17:38,0:00,0,8:08:00,8,8:30,17:30,1:00,89:26:00,113:31:00
27-Jan-24,004,Isabella ,Reyes,8:37,17:38,0:07,0,8:08:00,8,8:30,17:30,1:00,89:26:00,113:31:00
29-Jan-24,004,Isabella ,Reyes,8:27,17:20,0:01,0,7:50:00,8,8:30,17:30,1:00,89:26:00,113:31:00
30-Jan-24,004,Isabella ,Reyes,8:30,17:43,0:00,0,8:13:00,8,8:30,17:30,1:00,89:26:00,113:31:00
31-Jan-24,004,Isabella ,Reyes,8:37,17:30,0:07,0,8:00:00,8,8:30,17:30,1:00,89:26:00,113:31:00
3-Jan-24,005,Eduard,Hernandez,8:27,17:30,0:01,0,8:00:00,8,8:30,17:30,1:00,88:35:00,113:18:00
4-Jan-24,005,Eduard,Hernandez,8:30,17:10,0:00,0,7:40:00,8,8:30,17:30,1:00,88:35:00,113:18:00
5-Jan-24,005,Eduard,Hernandez,8:27,17:40,0:01,0,8:10:00,8,8:30,17:30,1:00,88:35:00,113:18:00
6-Jan-24,005,Eduard,Hernandez,8:33,17:38,0:03,0,8:08:00,8,8:30,17:30,1:00,88:35:00,113:18:00
8-Jan-24,005,Eduard,Hernandez,8:33,17:34,0:03,0,8:04:00,8,8:30,17:30,1:00,88:35:00,113:18:00
9-Jan-24,005,Eduard,Hernandez,8:33,17:38,0:01,0,8:08:00,8,8:30,17:30,1:00,88:35:00,113:18:00
10-Jan-24,005,Eduard,Hernandez,8:33,17:34,0:01,0,8:04:00,8,8:30,17:30,1:00,88:35:00,113:18:00
11-Jan-24,005,Eduard,Hernandez,8:33,17:20,0:03,0,7:50:00,8,8:30,17:30,1:00,88:35:00,113:18:00
12-Jan-24,005,Eduard,Hernandez,8:33,17:43,0:03,0,8:13:00,8,8:30,17:30,1:00,88:35:00,113:18:00
13-Jan-24,005,Eduard,Hernandez,8:33,17:40,0:03,0,8:10:00,8,8:30,17:30,1:00,88:35:00,113:18:00
15-Jan-24,005,Eduard,Hernandez,8:27,17:38,0:03,0,8:08:00,8,8:30,17:30,1:00,88:35:00,113:18:00
16-Jan-24,005,Eduard,Hernandez,8:25,17:34,0:00,0,8:04:00,8,8:30,17:30,1:00,88:35:00,113:18:00
17-Jan-24,005,Eduard,Hernandez,8:20,17:48,0:00,0,8:18:00,8,8:30,17:30,1:00,88:35:00,113:18:00
18-Jan-24,005,Eduard,Hernandez,8:30,17:30,0:00,0,8:00:00,8,8:30,17:30,1:00,88:35:00,113:18:00
19-Jan-24,005,Eduard,Hernandez,8:35,17:30,0:05,0,8:00:00,8,8:30,17:30,1:00,88:35:00,113:18:00
20-Jan-24,005,Eduard,Hernandez,8:33,17:43,0:03,0,8:13:00,8,8:30,17:30,1:00,88:35:00,113:18:00
22-Jan-24,005,Eduard,Hernandez,8:29,17:20,0:00,0,7:50:00,8,8:30,17:30,1:00,88:35:00,113:18:00
23-Jan-24,005,Eduard,Hernandez,8:30,17:40,0:00,0,8:10:00,8,8:30,17:30,1:00,88:35:00,113:18:00
24-Jan-24,005,Eduard,Hernandez,8:35,17:38,0:05,0,8:08:00,8,8:30,17:30,1:00,88:35:00,113:18:00
25-Jan-24,005,Eduard,Hernandez,8:33,17:34,0:03,0,8:04:00,8,8:30,17:30,1:00,88:35:00,113:18:00
26-Jan-24,005,Eduard,Hernandez,8:35,17:48,0:05,0,8:18:00,8,8:30,17:30,1:00,88:35:00,113:18:00
27-Jan-24,005,Eduard,Hernandez,8:37,17:30,0:07,0,8:00:00,8,8:30,17:30,1:00,88:35:00,113:18:00
29-Jan-24,005,Eduard,Hernandez,8:33,17:20,0:03,0,7:50:00,8,8:30,17:30,1:00,88:35:00,113:18:00
30-Jan-24,005,Eduard,Hernandez,8:30,17:43,0:00,0,8:13:00,8,8:30,17:30,1:00,88:35:00,113:18:00
31-Jan-24,005,Eduard,Hernandez,8:28,17:40,0:00,0,8:10:00,8,8:30,17:30,1:00,88:35:00,113:18:00
3-Jan-24,006,Andrea Mae,Villanueva,8:30,17:30,0:00,0,8:00:00,8,8:30,17:30,1:00,88:26:00,113:56:00
4-Jan-24,006,Andrea Mae,Villanueva,8:27,17:30,0:00,0,8:00:00,8,8:30,17:30,1:00,88:26:00,113:56:00
5-Jan-24,006,Andrea Mae,Villanueva,8:25,17:30,0:00,0,8:00:00,8,8:30,17:30,1:00,88:26:00,113:56:00
6-Jan-24,006,Andrea Mae,Villanueva,8:20,17:40,0:00,0,8:10:00,8,8:30,17:30,1:00,88:26:00,113:56:00
8-Jan-24,006,Andrea Mae,Villanueva,8:30,17:30,0:00,0,8:00:00,8,8:30,17:30,1:00,88:26:00,113:56:00
9-Jan-24,006,Andrea Mae,Villanueva,8:30,17:30,0:00,0,8:00:00,8,8:30,17:30,1:00,88:26:00,113:56:00
10-Jan-24,006,Andrea Mae,Villanueva,8:35,17:36,0:05,0,8:06:00,8,8:30,17:30,1:00,88:26:00,113:56:00
11-Jan-24,006,Andrea Mae,Villanueva,8:31,17:40,0:01,0,8:10:00,8,8:30,17:30,1:00,88:26:00,113:56:00
12-Jan-24,006,Andrea Mae,Villanueva,8:30,17:30,0:00,0,8:00:00,8,8:30,17:30,1:00,88:26:00,113:56:00
13-Jan-24,006,Andrea Mae,Villanueva,8:30,17:30,0:00,0,8:00:00,8,8:30,17:30,1:00,88:26:00,113:56:00
15-Jan-24,006,Andrea Mae,Villanueva,8:30,17:30,0:00,0,8:00:00,8,8:30,17:30,1:00,88:26:00,113:56:00
16-Jan-24,006,Andrea Mae,Villanueva,8:30,17:43,0:00,0,8:13:00,8,8:30,17:30,1:00,88:26:00,113:56:00
17-Jan-24,006,Andrea Mae,Villanueva,8:38,17:36,0:08,0,8:06:00,8,8:30,17:30,1:00,88:26:00,113:56:00
18-Jan-24,006,Andrea Mae,Villanueva,8:30,17:40,0:00,0,8:10:00,8,8:30,17:30,1:00,88:26:00,113:56:00
19-Jan-24,006,Andrea Mae,Villanueva,8:35,17:50,0:05,0,8:20:00,8,8:30,17:30,1:00,88:26:00,113:56:00
20-Jan-24,006,Andrea Mae,Villanueva,8:31,17:30,0:01,0,8:00:00,8,8:30,17:30,1:00,88:26:00,113:56:00
22-Jan-24,006,Andrea Mae,Villanueva,8:30,17:30,0:00,0,8:00:00,8,8:30,17:30,1:00,88:26:00,113:56:00
23-Jan-24,006,Andrea Mae,Villanueva,8:30,17:43,0:00,0,8:13:00,8,8:30,17:30,1:00,88:26:00,113:56:00
24-Jan-24,006,Andrea Mae,Villanueva,8:30,17:36,0:00,0,8:06:00,8,8:30,17:30,1:00,88:26:00,113:56:00
25-Jan-24,006,Andrea Mae,Villanueva,8:30,17:40,0:00,0,8:10:00,8,8:30,17:30,1:00,88:26:00,113:56:00
26-Jan-24,006,Andrea Mae,Villanueva,8:38,17:50,0:08,0,8:20:00,8,8:30,17:30,1:00,88:26:00,113:56:00
27-Jan-24,006,Andrea Mae,Villanueva,8:35,17:35,0:05,0,8:05:00,8,8:30,17:30,1:00,88:26:00,113:56:00
29-Jan-24,006,Andrea Mae,Villanueva,8:33,17:30,0:03,0,8:00:00,8,8:30,17:30,1:00,88:26:00,113:56:00
30-Jan-24,006,Andrea Mae,Villanueva,8:29,17:30,0:00,0,8:00:00,8,8:30,17:30,1:00,88:26:00,113:56:00
31-Jan-24,006,Andrea Mae,Villanueva,8:30,17:43,0:00,0,8:13:00,8,8:30,17:30,1:00,88:26:00,113:56:00
3-Jan-24,007,Brad ,San Jose,8:35,17:36,0:05,0,8:06:00,8,8:30,17:30,1:00,93:04:00,111:25:00
4-Jan-24,007,Brad ,San Jose,8:33,17:40,0:03,0,8:10:00,8,8:30,17:30,1:00,93:04:00,111:25:00
5-Jan-24,007,Brad ,San Jose,8:35,17:50,0:05,0,8:20:00,8,8:30,17:30,1:00,93:04:00,111:25:00
6-Jan-24,007,Brad ,San Jose,8:37,19:00,0:07,0:30:00,9:30:00,8,8:30,17:30,1:00,93:04:00,111:25:00
8-Jan-24,007,Brad ,San Jose,8:33,17:00,0:03,0,7:30:00,8,8:30,17:30,1:00,93:04:00,111:25:00
9-Jan-24,007,Brad ,San Jose,8:30,19:00,0:00,0:30:00,9:30:00,8,8:30,17:30,1:00,93:04:00,111:25:00
10-Jan-24,007,Brad ,San Jose,8:28,18:30,0:00,0,9:00:00,8,8:30,17:30,1:00,93:04:00,111:25:00
11-Jan-24,007,Brad ,San Jose,8:28,18:30,0:00,0,9:00:00,8,8:30,17:30,1:00,93:04:00,111:25:00
12-Jan-24,007,Brad ,San Jose,8:30,17:43,0:00,0,8:13:00,8,8:30,17:30,1:00,93:04:00,111:25:00
13-Jan-24,007,Brad ,San Jose,8:30,17:36,0:00,0,8:06:00,8,8:30,17:30,1:00,93:04:00,111:25:00
15-Jan-24,007,Brad ,San Jose,8:30,17:09,0:00,0,7:39:00,8,8:30,17:30,1:00,93:04:00,111:25:00
16-Jan-24,007,Brad ,San Jose,8:30,17:30,0:00,0,8:00:00,8,8:30,17:30,1:00,93:04:00,111:25:00
17-Jan-24,007,Brad ,San Jose,8:40,17:00,0:10,0,7:30:00,8,8:30,17:30,1:00,93:04:00,111:25:00
18-Jan-24,007,Brad ,San Jose,8:30,17:09,0:00,0,7:39:00,8,8:30,17:30,1:00,93:04:00,111:25:00
19-Jan-24,007,Brad ,San Jose,8:40,17:30,0:10,0,8:00:00,8,8:30,17:30,1:00,93:04:00,111:25:00
20-Jan-24,007,Brad ,San Jose,8:35,17:43,0:05,0,8:13:00,8,8:30,17:30,1:00,93:04:00,111:25:00
22-Jan-24,007,Brad ,San Jose,8:20,17:36,0:00,0,8:06:00,8,8:30,17:30,1:00,93:04:00,111:25:00
23-Jan-24,007,Brad ,San Jose,8:30,17:40,0:00,0,8:10:00,8,8:30,17:30,1:00,93:04:00,111:25:00
24-Jan-24,007,Brad ,San Jose,8:20,17:40,0:00,0,8:10:00,8,8:30,17:30,1:00,93:04:00,111:25:00
25-Jan-24,007,Brad ,San Jose,8:30,17:03,0:00,0,7:33:00,8,8:30,17:30,1:00,93:04:00,111:25:00
26-Jan-24,007,Brad ,San Jose,8:30,17:09,0:00,0,7:39:00,8,8:30,17:30,1:00,93:04:00,111:25:00
27-Jan-24,007,Brad ,San Jose,8:28,17:36,0:00,0,8:06:00,8,8:30,17:30,1:00,93:04:00,111:25:00
29-Jan-24,007,Brad ,San Jose,8:25,17:30,0:00,0,8:00:00,8,8:30,17:30,1:00,93:04:00,111:25:00
30-Jan-24,007,Brad ,San Jose,8:05,17:43,0:00,0,8:13:00,8,8:30,17:30,1:00,93:04:00,111:25:00
31-Jan-24,007,Brad ,San Jose,8:28,17:36,0:00,0,8:06:00,8,8:30,17:30,1:00,93:04:00,111:25:00
3-Jan-24,008,Alice ,Romualdez,8:27,17:40,0:00,0,8:10:00,8,8:30,17:30,1:00,90:35:00,88:33:20
4-Jan-24,008,Alice ,Romualdez,8:30,17:40,0:00,0,8:10:00,8,8:30,17:30,1:00,90:35:00,88:33:20
5-Jan-24,008,Alice ,Romualdez,8:27,17:36,0:00,0,8:06:00,8,8:30,17:30,1:00,90:35:00,88:33:20
6-Jan-24,008,Alice ,Romualdez,8:25,17:40,0:00,0,8:10:00,8,8:30,17:30,1:00,90:35:00,88:33:20
8-Jan-24,008,Alice ,Romualdez,8:20,17:40,0:00,0,8:10:00,8,8:30,17:30,1:00,90:35:00,88:33:20
9-Jan-24,008,Alice ,Romualdez,8:30,17:30,0:00,0,8:00:00,8,8:30,17:30,1:00,90:35:00,88:33:20
10-Jan-24,008,Alice ,Romualdez,8:30,19:00,0:00,0:30:00,9:30:00,8,8:30,17:30,1:00,90:35:00,88:33:20
11-Jan-24,008,Alice ,Romualdez,8:20,17:36,0:00,0,8:06:00,8,8:30,17:30,1:00,90:35:00,88:33:20
12-Jan-24,008,Alice ,Romualdez,8:30,17:30,0:00,0,8:00:00,8,8:30,17:30,1:00,90:35:00,88:33:20
13-Jan-24,008,Alice ,Romualdez,8:30,17:30,0:00,0,8:00:00,8,8:30,17:30,1:00,90:35:00,88:33:20
15-Jan-24,008,Alice ,Romualdez,8:20,17:43,0:00,0,8:13:00,8,8:30,17:30,1:00,90:35:00,88:33:20
16-Jan-24,008,Alice ,Romualdez,8:33,17:36,0:03,0,8:06:00,8,8:30,17:30,1:00,90:35:00,88:33:20
17-Jan-24,008,Alice ,Romualdez,8:33,17:40,0:03,0,8:10:00,8,8:30,17:30,1:00,90:35:00,88:33:20
18-Jan-24,008,Alice ,Romualdez,8:20,17:50,0:00,0,8:20:00,8,8:30,17:30,1:00,90:35:00,88:33:20
19-Jan-24,008,Alice ,Romualdez,8:34,17:00,0:04,0,7:30:00,8,8:30,17:30,1:00,90:35:00,88:33:20
20-Jan-24,008,Alice ,Romualdez,8:34,17:00,0:04,0,7:30:00,8,8:30,17:30,1:00,90:35:00,88:33:20
22-Jan-24,008,Alice ,Romualdez,8:20,17:49,0:00,0,8:19:00,8,8:30,17:30,1:00,90:35:00,88:33:20
23-Jan-24,008,Alice ,Romualdez,8:20,17:49,0:00,0,8:19:00,8,8:30,17:30,1:00,90:35:00,88:33:20
24-Jan-24,008,Alice ,Romualdez,8:30,17:09,0:00,0,7:39:00,8,8:30,17:30,1:00,90:35:00,88:33:20
25-Jan-24,008,Alice ,Romualdez,8:30,17:09,0:00,0,7:39:00,8,8:30,17:30,1:00,90:35:00,88:33:20
26-Jan-24,008,Alice ,Romualdez,8:30,18:12,0:00,0,8:42:20,8,8:30,17:30,1:00,90:35:00,88:33:20
27-Jan-24,008,Alice ,Romualdez,8:20,17:49,0:00,0,8:19:00,8,8:30,17:30,1:00,90:35:00,88:33:20
29-Jan-24,008,Alice ,Romualdez,Emergency Leave,Emergency Leave,Emergency Leave,Emergency Leave,Emergency Leave,Emergency Leave,Emergency Leave,Emergency Leave,Emergency Leave,90:35:00,88:33:20
30-Jan-24,008,Alice ,Romualdez,Emergency Leave,Emergency Leave,Emergency Leave,Emergency Leave,Emergency Leave,Emergency Leave,Emergency Leave,Emergency Leave,Emergency Leave,90:35:00,88:33:20
31-Jan-24,008,Alice ,Romualdez,Emergency Leave,Emergency Leave,Emergency Leave,Emergency Leave,Emergency Leave,Emergency Leave,Emergency Leave,Emergency Leave,Emergency Leave,90:35:00,88:33:20
3-Jan-24,009,Rosie ,Atienza,8:29,17:30,0:00,0,8:00:00,8,8:30,17:30,1:00,88:39:00,112:43:40
4-Jan-24,009,Rosie ,Atienza,8:29,17:30,0:00,0,8:00:00,8,8:30,17:30,1:00,88:39:00,112:43:40
5-Jan-24,009,Rosie ,Atienza,8:27,17:40,0:00,0,8:10:00,8,8:30,17:30,1:00,88:39:00,112:43:40
6-Jan-24,009,Rosie ,Atienza,8:25,17:30,0:00,0,8:00:00,8,8:30,17:30,1:00,88:39:00,112:43:40
8-Jan-24,009,Rosie ,Atienza,8:20,17:30,0:00,0,8:00:00,8,8:30,17:30,1:00,88:39:00,112:43:40
9-Jan-24,009,Rosie ,Atienza,8:30,17:30,0:05,0,8:00:00,8,8:30,17:30,1:00,88:39:00,112:43:40
10-Jan-24,009,Rosie ,Atienza,8:30,17:43,0:00,0,8:13:00,8,8:30,17:30,1:00,88:39:00,112:43:40
11-Jan-24,009,Rosie ,Atienza,8:35,17:36,0:05,0,8:06:00,8,8:30,17:30,1:00,88:39:00,112:43:40
12-Jan-24,009,Rosie ,Atienza,8:37,17:40,0:07,0,8:10:00,8,8:30,17:30,1:00,88:39:00,112:43:40
13-Jan-24,009,Rosie ,Atienza,8:35,17:30,0:05,0,8:00:00,8,8:30,17:30,1:00,88:39:00,112:43:40
15-Jan-24,009,Rosie ,Atienza,8:29,17:30,0:00,0,8:00:00,8,8:30,17:30,1:00,88:39:00,112:43:40
16-Jan-24,009,Rosie ,Atienza,8:15,17:25,0:00,0,7:55:00,8,8:30,17:30,1:00,88:39:00,112:43:40
17-Jan-24,009,Rosie ,Atienza,7:50,17:28,0:00,0,7:58:00,8,8:30,17:30,1:00,88:39:00,112:43:40
18-Jan-24,009,Rosie ,Atienza,8:40,17:20,0:10,0,7:50:00,8,8:30,17:30,1:00,88:39:00,112:43:40
19-Jan-24,009,Rosie ,Atienza,8:29,17:28,0:00,0,7:58:00,8,8:30,17:30,1:00,88:39:00,112:43:40
20-Jan-24,009,Rosie ,Atienza,8:29,17:30,0:00,0,8:00:00,8,8:30,17:30,1:00,88:39:00,112:43:40
22-Jan-24,009,Rosie ,Atienza,8:01,17:20,0:00,0,7:50:00,8,8:30,17:30,1:00,88:39:00,112:43:40
23-Jan-24,009,Rosie ,Atienza,8:29,17:20,0:00,0,7:50:00,8,8:30,17:30,1:00,88:39:00,112:43:40
24-Jan-24,009,Rosie ,Atienza,8:02,17:07,0:00,0,7:37:00,8,8:30,17:30,1:00,88:39:00,112:43:40
25-Jan-24,009,Rosie ,Atienza,8:14,17:20,0:00,0,7:50:00,8,8:30,17:30,1:00,88:39:00,112:43:40
26-Jan-24,009,Rosie ,Atienza,8:19,17:20,0:00,0,7:50:00,8,8:30,17:30,1:00,88:39:00,112:43:40
27-Jan-24,009,Rosie ,Atienza,8:13,17:20,0:00,0,7:50:00,8,8:30,17:30,1:00,88:39:00,112:43:40
29-Jan-24,009,Rosie ,Atienza,8:09,18:15,0:00,0,8:45:40,8,8:30,17:30,1:00,88:39:00,112:43:40
30-Jan-24,009,Rosie ,Atienza,8:14,18:00,0:00,0,8:30:00,8,8:30,17:30,1:00,88:39:00,112:43:40
31-Jan-24,009,Rosie ,Atienza,8:19,18:30,0:00,0,9:00:00,8,8:30,17:30,1:00,88:39:00,112:43:40
3-Jan-24,010,Roderick ,Alvaro,8:13,17:05,0:00,0,7:35:00,8,8:30,17:30,1:00,86:53:00,114:48:00
4-Jan-24,010,Roderick ,Alvaro,8:30,17:09,0:00,0,7:39:00,8,8:30,17:30,1:00,86:53:00,114:48:00
5-Jan-24,010,Roderick ,Alvaro,8:27,17:00,0:00,0,7:30:00,8,8:30,17:30,1:00,86:53:00,114:48:00
6-Jan-24,010,Roderick ,Alvaro,8:25,17:30,0:00,0,8:00:00,8,8:30,17:30,1:00,86:53:00,114:48:00
8-Jan-24,010,Roderick ,Alvaro,8:20,17:30,0:00,0,8:00:00,8,8:30,17:30,1:00,86:53:00,114:48:00
9-Jan-24,010,Roderick ,Alvaro,8:30,17:43,0:00,0,8:13:00,8,8:30,17:30,1:00,86:53:00,114:48:00
10-Jan-24,010,Roderick ,Alvaro,8:14,17:36,0:00,0,8:06:00,8,8:30,17:30,1:00,86:53:00,114:48:00
11-Jan-24,010,Roderick ,Alvaro,8:19,17:40,0:00,0,8:10:00,8,8:30,17:30,1:00,86:53:00,114:48:00
12-Jan-24,010,Roderick ,Alvaro,8:13,17:20,0:00,0,7:50:00,8,8:30,17:30,1:00,86:53:00,114:48:00
13-Jan-24,010,Roderick ,Alvaro,8:19,17:20,0:00,0,7:50:00,8,8:30,17:30,1:00,86:53:00,114:48:00
15-Jan-24,010,Roderick ,Alvaro,8:14,17:30,0:00,0,8:00:00,8,8:30,17:30,1:00,86:53:00,114:48:00
16-Jan-24,010,Roderick ,Alvaro,8:10,17:30,0:00,0,8:00:00,8,8:30,17:30,1:00,86:53:00,114:48:00
17-Jan-24,010,Roderick ,Alvaro,8:07,17:43,0:00,0,8:13:00,8,8:30,17:30,1:00,86:53:00,114:48:00
18-Jan-24,010,Roderick ,Alvaro,8:19,17:36,0:00,0,8:06:00,8,8:30,17:30,1:00,86:53:00,114:48:00
19-Jan-24,010,Roderick ,Alvaro,8:10,17:40,0:00,0,8:10:00,8,8:30,17:30,1:00,86:53:00,114:48:00
20-Jan-24,010,Roderick ,Alvaro,8:19,18:20,0:00,0,8:50:00,8,8:30,17:30,1:00,86:53:00,114:48:00
22-Jan-24,010,Roderick ,Alvaro,8:09,17:04,0:00,0,7:34:00,8,8:30,17:30,1:00,86:53:00,114:48:00
23-Jan-24,010,Roderick ,Alvaro,8:19,17:14,0:00,0,7:44:00,8,8:30,17:30,1:00,86:53:00,114:48:00
24-Jan-24,010,Roderick ,Alvaro,8:06,17:00,0:00,0,7:30:00,8,8:30,17:30,1:00,86:53:00,114:48:00
25-Jan-24,010,Roderick ,Alvaro,8:03,18:20,0:00,0,8:50:00,8,8:30,17:30,1:00,86:53:00,114:48:00
26-Jan-24,010,Roderick ,Alvaro,8:08,18:20,0:00,0,8:50:00,8,8:30,17:30,1:00,86:53:00,114:48:00
27-Jan-24,010,Roderick ,Alvaro,8:38,17:41,0:08,0,8:11:00,8,8:30,17:30,1:00,86:53:00,114:48:00
29-Jan-24,010,Roderick ,Alvaro,8:37,18:20,0:07,0,8:50:00,8,8:30,17:30,1:00,86:53:00,114:48:00
30-Jan-24,010,Roderick ,Alvaro,8:35,17:30,0:05,0,8:00:00,8,8:30,17:30,1:00,86:53:00,114:48:00
31-Jan-24,010,Roderick ,Alvaro,8:36,17:30,0:06,0,8:00:00,8,8:30,17:30,1:00,86:53:00,114:48:00
3-Jan-24,011,Anthony ,Salcedo,8:00,17:43,0:00,0,8:13:00,8,8:30,17:30,1:00,87:30:00,110:51:00
4-Jan-24,011,Anthony ,Salcedo,8:03,17:36,0:00,0,8:06:00,8,8:30,17:30,1:00,87:30:00,110:51:00
5-Jan-24,011,Anthony ,Salcedo,8:07,17:40,0:00,0,8:10:00,8,8:30,17:30,1:00,87:30:00,110:51:00
6-Jan-24,011,Anthony ,Salcedo,8:14,18:20,0:00,0,8:50:00,8,8:30,17:30,1:00,87:30:00,110:51:00
8-Jan-24,011,Anthony ,Salcedo,8:19,17:20,0:00,0,7:50:00,8,8:30,17:30,1:00,87:30:00,110:51:00
9-Jan-24,011,Anthony ,Salcedo,8:13,17:04,0:00,0,7:34:00,8,8:30,17:30,1:00,87:30:00,110:51:00
10-Jan-24,011,Anthony ,Salcedo,8:30,17:15,0:00,0,7:45:00,8,8:30,17:30,1:00,87:30:00,110:51:00
11-Jan-24,011,Anthony ,Salcedo,8:27,17:09,0:00,0,7:39:00,8,8:30,17:30,1:00,87:30:00,110:51:00
12-Jan-24,011,Anthony ,Salcedo,8:25,17:03,0:00,0,7:33:00,8,8:30,17:30,1:00,87:30:00,110:51:00
13-Jan-24,011,Anthony ,Salcedo,8:20,17:40,0:00,0,8:10:00,8,8:30,17:30,1:00,87:30:00,110:51:00
15-Jan-24,011,Anthony ,Salcedo,8:30,17:10,0:00,0,7:40:00,8,8:30,17:30,1:00,87:30:00,110:51:00
16-Jan-24,011,Anthony ,Salcedo,8:30,17:12,0:00,0,7:42:00,8,8:30,17:30,1:00,87:30:00,110:51:00
17-Jan-24,011,Anthony ,Salcedo,8:05,17:15,0:00,0,7:45:00,8,8:30,17:30,1:00,87:30:00,110:51:00
18-Jan-24,011,Anthony ,Salcedo,8:33,17:40,0:03,0,8:10:00,8,8:30,17:30,1:00,87:30:00,110:51:00
19-Jan-24,011,Anthony ,Salcedo,8:29,17:30,0:00,0,8:00:00,8,8:30,17:30,1:00,87:30:00,110:51:00
20-Jan-24,011,Anthony ,Salcedo,8:30,17:30,0:00,0,8:00:00,8,8:30,17:30,1:00,87:30:00,110:51:00
22-Jan-24,011,Anthony ,Salcedo,8:35,17:30,0:05,0,8:00:00,8,8:30,17:30,1:00,87:30:00,110:51:00
23-Jan-24,011,Anthony ,Salcedo,8:33,17:43,0:03,0,8:13:00,8,8:30,17:30,1:00,87:30:00,110:51:00
24-Jan-24,011,Anthony ,Salcedo,8:35,17:36,0:05,0,8:06:00,8,8:30,17:30,1:00,87:30:00,110:51:00
25-Jan-24,011,Anthony ,Salcedo,8:37,17:40,0:07,0,8:10:00,8,8:30,17:30,1:00,87:30:00,110:51:00
26-Jan-24,011,Anthony ,Salcedo,8:27,17:10,0:00,0,7:40:00,8,8:30,17:30,1:00,87:30:00,110:51:00
27-Jan-24,011,Anthony ,Salcedo,8:30,17:40,0:00,0,8:10:00,8,8:30,17:30,1:00,87:30:00,110:51:00
29-Jan-24,011,Anthony ,Salcedo,8:27,17:10,0:00,0,7:40:00,8,8:30,17:30,1:00,87:30:00,110:51:00
30-Jan-24,011,Anthony ,Salcedo,8:25,17:05,0:00,0,7:35:00,8,8:30,17:30,1:00,87:30:00,110:51:00
31-Jan-24,011,Anthony ,Salcedo,8:20,17:10,0:00,0,7:40:00,8,8:30,17:30,1:00,87:30:00,110:51:00
3-Jan-24,012,Josie ,Lopez,8:30,17:04,0:00,0,7:34:00,8,8:30,17:30,1:00,89:30:00,111:52:00
4-Jan-24,012,Josie ,Lopez,8:30,17:07,0:00,0,7:37:00,8,8:30,17:30,1:00,89:30:00,111:52:00
5-Jan-24,012,Josie ,Lopez,8:05,17:00,0:00,0,7:30:00,8,8:30,17:30,1:00,89:30:00,111:52:00
6-Jan-24,012,Josie ,Lopez,8:38,17:41,0:08,0,8:11:00,8,8:30,17:30,1:00,89:30:00,111:52:00
8-Jan-24,012,Josie ,Lopez,8:37,18:20,0:07,0,8:50:00,8,8:30,17:30,1:00,89:30:00,111:52:00
9-Jan-24,012,Josie ,Lopez,8:35,17:34,0:05,0,8:04:00,8,8:30,17:30,1:00,89:30:00,111:52:00
10-Jan-24,012,Josie ,Lopez,8:36,19:04,0:06,0:34:00,9:34:00,8,8:30,17:30,1:00,89:30:00,111:52:00
11-Jan-24,012,Josie ,Lopez,8:30,17:40,0:00,0,8:10:00,8,8:30,17:30,1:00,89:30:00,111:52:00
12-Jan-24,012,Josie ,Lopez,8:14,17:40,0:00,0,8:10:00,8,8:30,17:30,1:00,89:30:00,111:52:00
13-Jan-24,012,Josie ,Lopez,8:19,17:40,0:00,0,8:10:00,8,8:30,17:30,1:00,89:30:00,111:52:00
15-Jan-24,012,Josie ,Lopez,8:13,17:10,0:00,0,7:40:00,8,8:30,17:30,1:00,89:30:00,111:52:00
16-Jan-24,012,Josie ,Lopez,8:05,17:20,0:00,0,7:50:00,8,8:30,17:30,1:00,89:30:00,111:52:00
17-Jan-24,012,Josie ,Lopez,8:09,17:13,0:00,0,7:43:00,8,8:30,17:30,1:00,89:30:00,111:52:00
18-Jan-24,012,Josie ,Lopez,8:00,17:18,0:00,0,7:48:00,8,8:30,17:30,1:00,89:30:00,111:52:00
19-Jan-24,012,Josie ,Lopez,8:10,17:20,0:00,0,7:50:00,8,8:30,17:30,1:00,89:30:00,111:52:00
20-Jan-24,012,Josie ,Lopez,8:19,17:40,0:00,0,8:10:00,8,8:30,17:30,1:00,89:30:00,111:52:00
22-Jan-24,012,Josie ,Lopez,8:03,17:36,0:00,0,8:06:00,8,8:30,17:30,1:00,89:30:00,111:52:00
23-Jan-24,012,Josie ,Lopez,8:02,17:26,0:00,0,7:56:00,8,8:30,17:30,1:00,89:30:00,111:52:00
24-Jan-24,012,Josie ,Lopez,8:12,17:30,0:00,0,8:00:00,8,8:30,17:30,1:00,89:30:00,111:52:00
25-Jan-24,012,Josie ,Lopez,8:33,17:40,0:03,0,8:10:00,8,8:30,17:30,1:00,89:30:00,111:52:00
26-Jan-24,012,Josie ,Lopez,8:29,17:30,0:00,0,8:00:00,8,8:30,17:30,1:00,89:30:00,111:52:00
27-Jan-24,012,Josie ,Lopez,8:30,17:30,0:00,0,8:00:00,8,8:30,17:30,1:00,89:30:00,111:52:00
29-Jan-24,012,Josie ,Lopez,8:35,17:30,0:05,0,8:00:00,8,8:30,17:30,1:00,89:30:00,111:52:00
30-Jan-24,012,Josie ,Lopez,8:33,17:43,0:03,0,8:13:00,8,8:30,17:30,1:00,89:30:00,111:52:00
31-Jan-24,012,Josie ,Lopez,8:35,17:36,0:05,0,8:06:00,8,8:30,17:30,1:00,89:30:00,111:52:00
3-Jan-24,013,Martha,Farala,8:37,17:40,0:07,0,8:10:00,8,8:30,17:30,1:00,88:18:50,111:34:40
4-Jan-24,013,Martha,Farala,8:03,17:30,0:00,0,8:00:50,8,8:30,17:30,1:00,88:18:50,111:34:40
5-Jan-24,013,Martha,Farala,8:13,17:50,0:00,0,8:20:00,8,8:30,17:30,1:00,88:18:50,111:34:40
6-Jan-24,013,Martha,Farala,8:19,17:40,0:00,0,8:10:00,8,8:30,17:30,1:00,88:18:50,111:34:40
8-Jan-24,013,Martha,Farala,8:27,17:00,0:00,0,7:30:00,8,8:30,17:30,1:00,88:18:50,111:34:40
9-Jan-24,013,Martha,Farala,8:30,16:59,0:00,0,7:29:00,8,8:30,17:30,1:00,88:18:50,111:34:40
10-Jan-24,013,Martha,Farala,8:27,17:00,0:00,0,7:30:00,8,8:30,17:30,1:00,88:18:50,111:34:40
11-Jan-24,013,Martha,Farala,8:25,18:03,0:00,0,8:33:00,8,8:30,17:30,1:00,88:18:50,111:34:40
12-Jan-24,013,Martha,Farala,8:20,17:05,0:00,0,7:35:00,8,8:30,17:30,1:00,88:18:50,111:34:40
13-Jan-24,013,Martha,Farala,8:30,17:41,0:00,0,8:11:00,8,8:30,17:30,1:00,88:18:50,111:34:40
15-Jan-24,013,Martha,Farala,8:30,18:20,0:00,0,8:50:00,8,8:30,17:30,1:00,88:18:50,111:34:40
16-Jan-24,013,Martha,Farala,8:35,17:34,0:05,0,8:04:00,8,8:30,17:30,1:00,88:18:50,111:34:40
17-Jan-24,013,Martha,Farala,8:36,19:04,0:06,0,9:34:00,8,8:30,17:30,1:00,88:18:50,111:34:40
18-Jan-24,013,Martha,Farala,8:13,17:02,0:00,0,7:32:40,8,8:30,17:30,1:00,88:18:50,111:34:40
19-Jan-24,013,Martha,Farala,8:10,17:05,0:00,0,7:35:00,8,8:30,17:30,1:00,88:18:50,111:34:40
20-Jan-24,013,Martha,Farala,8:19,17:40,0:00,0,8:10:00,8,8:30,17:30,1:00,88:18:50,111:34:40
22-Jan-24,013,Martha,Farala,8:19,17:00,0:00,0,7:30:00,8,8:30,17:30,1:00,88:18:50,111:34:40
23-Jan-24,013,Martha,Farala,8:22,17:05,0:00,0,7:35:00,8,8:30,17:30,1:00,88:18:50,111:34:40
24-Jan-24,013,Martha,Farala,8:19,17:00,0:00,0,7:30:00,8,8:30,17:30,1:00,88:18:50,111:34:40
25-Jan-24,013,Martha,Farala,8:19,19:00,0:00,0:30:00,9:30:00,8,8:30,17:30,1:00,88:18:50,111:34:40
26-Jan-24,013,Martha,Farala,8:19,17:09,0:00,0,7:39:00,8,8:30,17:30,1:00,88:18:50,111:34:40
27-Jan-24,013,Martha,Farala,8:19,17:40,0:00,0,8:10:00,8,8:30,17:30,1:00,88:18:50,111:34:40
29-Jan-24,013,Martha,Farala,8:00,17:04,0:00,0,7:34:00,8,8:30,17:30,1:00,88:18:50,111:34:40
30-Jan-24,013,Martha,Farala,8:22,17:01,0:00,0,7:31:00,8,8:30,17:30,1:00,88:18:50,111:34:40
31-Jan-24,013,Martha,Farala,8:33,17:10,0:03,0,7:40:00,8,8:30,17:30,1:00,88:18:50,111:34:40
3-Jan-24,014,Leila ,Martinez,8:19,17:03,0:00,0,7:33:00,8,8:30,17:30,1:00,87:25:00,111:38:00
4-Jan-24,014,Leila ,Martinez,8:03,17:09,0:00,0,7:39:00,8,8:30,17:30,1:00,87:25:00,111:38:00
5-Jan-24,014,Leila ,Martinez,8:07,17:01,0:00,0,7:31:00,8,8:30,17:30,1:00,87:25:00,111:38:00
6-Jan-24,014,Leila ,Martinez,8:30,17:30,0:00,0,8:00:00,8,8:30,17:30,1:00,87:25:00,111:38:00
8-Jan-24,014,Leila ,Martinez,8:35,17:30,0:05,0,8:00:00,8,8:30,17:30,1:00,87:25:00,111:38:00
9-Jan-24,014,Leila ,Martinez,8:33,17:43,0:03,0,8:13:00,8,8:30,17:30,1:00,87:25:00,111:38:00
10-Jan-24,014,Leila ,Martinez,8:30,17:30,0:00,0,8:00:00,8,8:30,17:30,1:00,87:25:00,111:38:00
11-Jan-24,014,Leila ,Martinez,8:35,17:30,0:05,0,8:00:00,8,8:30,17:30,1:00,87:25:00,111:38:00
12-Jan-24,014,Leila ,Martinez,8:33,17:43,0:03,0,8:13:00,8,8:30,17:30,1:00,87:25:00,111:38:00
13-Jan-24,014,Leila ,Martinez,8:35,17:36,0:05,0,8:06:00,8,8:30,17:30,1:00,87:25:00,111:38:00
15-Jan-24,014,Leila ,Martinez,8:37,17:40,0:07,0,8:10:00,8,8:30,17:30,1:00,87:25:00,111:38:00
16-Jan-24,014,Leila ,Martinez,8:00,17:12,0:00,0,7:42:00,8,8:30,17:30,1:00,87:25:00,111:38:00
17-Jan-24,014,Leila ,Martinez,8:05,17:15,0:00,0,7:45:00,8,8:30,17:30,1:00,87:25:00,111:38:00
18-Jan-24,014,Leila ,Martinez,8:12,17:05,0:00,0,7:35:00,8,8:30,17:30,1:00,87:25:00,111:38:00
19-Jan-24,014,Leila ,Martinez,8:00,17:07,0:00,0,7:37:00,8,8:30,17:30,1:00,87:25:00,111:38:00
20-Jan-24,014,Leila ,Martinez,8:38,17:41,0:08,0,8:11:00,8,8:30,17:30,1:00,87:25:00,111:38:00
22-Jan-24,014,Leila ,Martinez,8:37,18:20,0:07,0,8:50:00,8,8:30,17:30,1:00,87:25:00,111:38:00
23-Jan-24,014,Leila ,Martinez,8:35,17:34,0:05,0,8:04:00,8,8:30,17:30,1:00,87:25:00,111:38:00
24-Jan-24,014,Leila ,Martinez,8:36,19:04,0:06,0,9:34:00,8,8:30,17:30,1:00,87:25:00,111:38:00
25-Jan-24,014,Leila ,Martinez,8:10,17:05,0:00,0,7:35:00,8,8:30,17:30,1:00,87:25:00,111:38:00
26-Jan-24,014,Leila ,Martinez,8:15,17:10,0:00,0,7:40:00,8,8:30,17:30,1:00,87:25:00,111:38:00
27-Jan-24,014,Leila ,Martinez,8:36,17:40,0:06,0,8:10:00,8,8:30,17:30,1:00,87:25:00,111:38:00
29-Jan-24,014,Leila ,Martinez,8:10,17:10,0:00,0,7:40:00,8,8:30,17:30,1:00,87:25:00,111:38:00
30-Jan-24,014,Leila ,Martinez,8:05,17:05,0:00,0,7:35:00,8,8:30,17:30,1:00,87:25:00,111:38:00
31-Jan-24,014,Leila ,Martinez,8:18,17:10,0:00,0,7:40:00,8,8:30,17:30,1:00,87:25:00,111:38:00
3-Jan-24,015,Fredrick ,Romualdez,8:09,17:01,0:00,0,7:31:00,8,8:30,17:30,1:00,83:32:00,110:19:00
4-Jan-24,015,Fredrick ,Romualdez,7:58,16:50,0:00,0,7:20:00,8,8:30,17:30,1:00,83:32:00,110:19:00
5-Jan-24,015,Fredrick ,Romualdez,8:19,16:55,0:00,0,7:25:00,8,8:30,17:30,1:00,83:32:00,110:19:00
6-Jan-24,015,Fredrick ,Romualdez,8:30,17:30,0:00,0,8:00:00,8,8:30,17:30,1:00,83:32:00,110:19:00
8-Jan-24,015,Fredrick ,Romualdez,7:50,16:59,0:00,0,7:29:00,8,8:30,17:30,1:00,83:32:00,110:19:00
9-Jan-24,015,Fredrick ,Romualdez,8:05,16:58,0:00,0,7:28:00,8,8:30,17:30,1:00,83:32:00,110:19:00
10-Jan-24,015,Fredrick ,Romualdez,8:03,17:02,0:00,0,7:32:00,8,8:30,17:30,1:00,83:32:00,110:19:00
11-Jan-24,015,Fredrick ,Romualdez,8:19,17:01,0:00,0,7:31:00,8,8:30,17:30,1:00,83:32:00,110:19:00
12-Jan-24,015,Fredrick ,Romualdez,8:00,17:06,0:00,0,7:36:00,8,8:30,17:30,1:00,83:32:00,110:19:00
13-Jan-24,015,Fredrick ,Romualdez,8:30,17:30,0:00,0,8:00:00,8,8:30,17:30,1:00,83:32:00,110:19:00
15-Jan-24,015,Fredrick ,Romualdez,8:19,17:10,0:00,0,7:40:00,8,8:30,17:30,1:00,83:32:00,110:19:00
16-Jan-24,015,Fredrick ,Romualdez,8:05,17:06,0:00,0,7:36:00,8,8:30,17:30,1:00,83:32:00,110:19:00
17-Jan-24,015,Fredrick ,Romualdez,8:01,16:55,0:00,0,7:25:00,8,8:30,17:30,1:00,83:32:00,110:19:00
18-Jan-24,015,Fredrick ,Romualdez,8:33,17:40,0:03,0,8:10:00,8,8:30,17:30,1:00,83:32:00,110:19:00
19-Jan-24,015,Fredrick ,Romualdez,8:29,17:30,0:00,0,8:00:00,8,8:30,17:30,1:00,83:32:00,110:19:00
20-Jan-24,015,Fredrick ,Romualdez,8:30,17:30,0:00,0,8:00:00,8,8:30,17:30,1:00,83:32:00,110:19:00
22-Jan-24,015,Fredrick ,Romualdez,8:35,17:30,0:05,0,8:00:00,8,8:30,17:30,1:00,83:32:00,110:19:00
23-Jan-24,015,Fredrick ,Romualdez,8:33,17:43,0:03,0,8:13:00,8,8:30,17:30,1:00,83:32:00,110:19:00
24-Jan-24,015,Fredrick ,Romualdez,8:35,17:36,0:05,0,8:06:00,8,8:30,17:30,1:00,83:32:00,110:19:00
25-Jan-24,015,Fredrick ,Romualdez,8:37,17:40,0:07,0,8:10:00,8,8:30,17:30,1:00,83:32:00,110:19:00
26-Jan-24,015,Fredrick ,Romualdez,8:19,17:15,0:00,0,7:45:00,8,8:30,17:30,1:00,83:32:00,110:19:00
27-Jan-24,015,Fredrick ,Romualdez,8:30,17:30,0:00,0,8:00:00,8,8:30,17:30,1:00,83:32:00,110:19:00
29-Jan-24,015,Fredrick ,Romualdez,8:29,17:10,0:00,0,7:40:00,8,8:30,17:30,1:00,83:32:00,110:19:00
30-Jan-24,015,Fredrick ,Romualdez,8:30,17:05,0:00,0,7:35:00,8,8:30,17:30,1:00,83:32:00,110:19:00
31-Jan-24,015,Fredrick ,Romualdez,8:19,17:09,0:00,0,7:39:00,8,8:30,17:30,1:00,83:32:00,110:19:00
3-Jan-24,016,Christian ,Mata,8:19,17:04,0:00,0,7:34:00,8,8:30,17:30,1:00,84:12:00,114:28:00
4-Jan-24,016,Christian ,Mata,8:10,17:07,0:00,0,7:37:00,8,8:30,17:30,1:00,84:12:00,114:28:00
5-Jan-24,016,Christian ,Mata,8:05,17:00,0:00,0,7:30:00,8,8:30,17:30,1:00,84:12:00,114:28:00
6-Jan-24,016,Christian ,Mata,8:30,17:30,0:00,0,8:00:00,8,8:30,17:30,1:00,84:12:00,114:28:00
8-Jan-24,016,Christian ,Mata,8:29,17:09,0:00,0,7:39:00,8,8:30,17:30,1:00,84:12:00,114:28:00
9-Jan-24,016,Christian ,Mata,8:30,17:05,0:00,0,7:35:00,8,8:30,17:30,1:00,84:12:00,114:28:00
10-Jan-24,016,Christian ,Mata,8:50,17:07,0:20,0,7:37:00,8,8:30,17:30,1:00,84:12:00,114:28:00
11-Jan-24,016,Christian ,Mata,8:30,17:04,0:00,0,7:34:00,8,8:30,17:30,1:00,84:12:00,114:28:00
12-Jan-24,016,Christian ,Mata,8:14,17:00,0:00,0,7:30:00,8,8:30,17:30,1:00,84:12:00,114:28:00
13-Jan-24,016,Christian ,Mata,8:19,17:26,0:00,0,7:56:00,8,8:30,17:30,1:00,84:12:00,114:28:00
15-Jan-24,016,Christian ,Mata,8:13,17:10,0:00,0,7:40:00,8,8:30,17:30,1:00,84:12:00,114:28:00
16-Jan-24,016,Christian ,Mata,8:05,17:20,0:00,0,7:50:00,8,8:30,17:30,1:00,84:12:00,114:28:00
17-Jan-24,016,Christian ,Mata,8:09,18:13,0:00,0,8:43:00,8,8:30,17:30,1:00,84:12:00,114:28:00
18-Jan-24,016,Christian ,Mata,8:29,17:18,0:00,0,7:48:00,8,8:30,17:30,1:00,84:12:00,114:28:00
19-Jan-24,016,Christian ,Mata,8:30,19:20,0:00,0:50:00,9:50:00,8,8:30,17:30,1:00,84:12:00,114:28:00
20-Jan-24,016,Christian ,Mata,8:19,17:26,0:00,0,7:56:00,8,8:30,17:30,1:00,84:12:00,114:28:00
22-Jan-24,016,Christian ,Mata,8:30,17:26,0:00,0,7:56:00,8,8:30,17:30,1:00,84:12:00,114:28:00
23-Jan-24,016,Christian ,Mata,8:30,17:26,0:00,0,7:56:00,8,8:30,17:30,1:00,84:12:00,114:28:00
24-Jan-24,016,Christian ,Mata,8:12,17:30,0:00,0,8:00:00,8,8:30,17:30,1:00,84:12:00,114:28:00
25-Jan-24,016,Christian ,Mata,8:33,17:40,0:03,0,8:10:00,8,8:30,17:30,1:00,84:12:00,114:28:00
26-Jan-24,016,Christian ,Mata,8:29,17:30,0:00,0,8:00:00,8,8:30,17:30,1:00,84:12:00,114:28:00
27-Jan-24,016,Christian ,Mata,8:30,17:30,0:00,0,8:00:00,8,8:30,17:30,1:00,84:12:00,114:28:00
29-Jan-24,016,Christian ,Mata,8:35,17:30,0:05,0,8:00:00,8,8:30,17:30,1:00,84:12:00,114:28:00
30-Jan-24,016,Christian ,Mata,8:33,17:43,0:03,0,8:13:00,8,8:30,17:30,1:00,84:12:00,114:28:00
31-Jan-24,016,Christian ,Mata,8:35,17:36,0:05,0,8:06:00,8,8:30,17:30,1:00,84:12:00,114:28:00
3-Jan-24,017,Selena ,De Leon,8:37,17:40,0:07,0,8:10:00,8,8:30,17:30,1:00,92:50:00,111:23:00
4-Jan-24,017,Selena ,De Leon,7:59,17:09,0:00,0,7:39:00,8,8:30,17:30,1:00,92:50:00,111:23:00
5-Jan-24,017,Selena ,De Leon,7:55,19:00,0:00,0:30:00,9:30:00,8,8:30,17:30,1:00,92:50:00,111:23:00
6-Jan-24,017,Selena ,De Leon,8:38,17:41,0:08,0,8:11:00,8,8:30,17:30,1:00,92:50:00,111:23:00
8-Jan-24,017,Selena ,De Leon,8:37,18:20,0:07,0,8:50:00,8,8:30,17:30,1:00,92:50:00,111:23:00
9-Jan-24,017,Selena ,De Leon,8:35,17:34,0:05,0,8:04:00,8,8:30,17:30,1:00,92:50:00,111:23:00
10-Jan-24,017,Selena ,De Leon,8:36,19:04,0:06,0:34:00,9:34:00,8,8:30,17:30,1:00,92:50:00,111:23:00
11-Jan-24,017,Selena ,De Leon,8:02,18:05,0:00,0,8:35:00,8,8:30,17:30,1:00,92:50:00,111:23:00
12-Jan-24,017,Selena ,De Leon,8:05,18:08,0:00,0,8:38:00,8,8:30,17:30,1:00,92:50:00,111:23:00
13-Jan-24,017,Selena ,De Leon,8:30,17:30,0:00,0,8:00:00,8,8:30,17:30,1:00,92:50:00,111:23:00
15-Jan-24,017,Selena ,De Leon,8:01,17:09,0:00,0,7:39:00,8,8:30,17:30,1:00,92:50:00,111:23:00
16-Jan-24,017,Selena ,De Leon,8:19,17:30,0:00,0,8:00:00,8,8:30,17:30,1:00,92:50:00,111:23:00
17-Jan-24,017,Selena ,De Leon,8:00,17:00,0:00,0,7:30:00,8,8:30,17:30,1:00,92:50:00,111:23:00
18-Jan-24,017,Selena ,De Leon,8:03,17:04,0:00,0,7:34:00,8,8:30,17:30,1:00,92:50:00,111:23:00
19-Jan-24,017,Selena ,De Leon,8:10,17:00,0:00,0,7:30:00,8,8:30,17:30,1:00,92:50:00,111:23:00
20-Jan-24,017,Selena ,De Leon,8:30,17:30,0:00,0,8:00:00,8,8:30,17:30,1:00,92:50:00,111:23:00
22-Jan-24,017,Selena ,De Leon,8:35,17:10,0:05,0,7:40:00,8,8:30,17:30,1:00,92:50:00,111:23:00
23-Jan-24,017,Selena ,De Leon,8:35,18:00,0:05,0,8:30:00,8,8:30,17:30,1:00,92:50:00,111:23:00
24-Jan-24,017,Selena ,De Leon,8:20,17:40,0:00,0,8:10:00,8,8:30,17:30,1:00,92:50:00,111:23:00
25-Jan-24,017,Selena ,De Leon,8:33,17:40,0:03,0,8:10:00,8,8:30,17:30,1:00,92:50:00,111:23:00
26-Jan-24,017,Selena ,De Leon,8:29,17:30,0:00,0,8:00:00,8,8:30,17:30,1:00,92:50:00,111:23:00
27-Jan-24,017,Selena ,De Leon,8:30,17:30,0:00,0,8:00:00,8,8:30,17:30,1:00,92:50:00,111:23:00
29-Jan-24,017,Selena ,De Leon,8:35,17:30,0:05,0,8:00:00,8,8:30,17:30,1:00,92:50:00,111:23:00
30-Jan-24,017,Selena ,De Leon,8:33,17:43,0:03,0,8:13:00,8,8:30,17:30,1:00,92:50:00,111:23:00
31-Jan-24,017,Selena ,De Leon,8:35,17:36,0:05,0,8:06:00,8,8:30,17:30,1:00,92:50:00,111:23:00
3-Jan-24,018,Allison ,San Jose,8:37,17:40,0:07,0,8:10:00,8,8:30,17:30,1:00,87:30:00,114:25:00
4-Jan-24,018,Allison ,San Jose,8:35,16:50,0:05,0,7:20:00,8,8:30,17:30,1:00,87:30:00,114:25:00
5-Jan-24,018,Allison ,San Jose,8:30,17:38,0:00,0,8:08:00,8,8:30,17:30,1:00,87:30:00,114:25:00
6-Jan-24,018,Allison ,San Jose,8:27,17:37,0:00,0,8:07:00,8,8:30,17:30,1:00,87:30:00,114:25:00
8-Jan-24,018,Allison ,San Jose,8:25,17:34,0:00,0,8:04:00,8,8:30,17:30,1:00,87:30:00,114:25:00
9-Jan-24,018,Allison ,San Jose,8:20,17:40,0:00,0,8:10:00,8,8:30,17:30,1:00,87:30:00,114:25:00
10-Jan-24,018,Allison ,San Jose,8:20,17:40,0:00,0,8:10:00,8,8:30,17:30,1:00,87:30:00,114:25:00
11-Jan-24,018,Allison ,San Jose,8:35,17:01,0:05,0,7:31:00,8,8:30,17:30,1:00,87:30:00,114:25:00
12-Jan-24,018,Allison ,San Jose,8:35,17:06,0:05,0,7:36:00,8,8:30,17:30,1:00,87:30:00,114:25:00
13-Jan-24,018,Allison ,San Jose,8:27,17:36,0:00,0,8:06:00,8,8:30,17:30,1:00,87:30:00,114:25:00
15-Jan-24,018,Allison ,San Jose,8:30,17:38,0:00,0,8:08:00,8,8:30,17:30,1:00,87:30:00,114:25:00
16-Jan-24,018,Allison ,San Jose,8:27,17:37,0:00,0,8:07:00,8,8:30,17:30,1:00,87:30:00,114:25:00
17-Jan-24,018,Allison ,San Jose,8:25,17:34,0:00,0,8:04:00,8,8:30,17:30,1:00,87:30:00,114:25:00
18-Jan-24,018,Allison ,San Jose,8:20,17:40,0:00,0,8:10:00,8,8:30,17:30,1:00,87:30:00,114:25:00
19-Jan-24,018,Allison ,San Jose,8:30,17:39,0:00,0,8:09:00,8,8:30,17:30,1:00,87:30:00,114:25:00
20-Jan-24,018,Allison ,San Jose,8:30,17:36,0:00,0,8:06:00,8,8:30,17:30,1:00,87:30:00,114:25:00
22-Jan-24,018,Allison ,San Jose,8:27,19:04,0:00,0:34:00,9:34:00,8,8:30,17:30,1:00,87:30:00,114:25:00
23-Jan-24,018,Allison ,San Jose,8:27,17:06,0:00,0,7:36:00,8,8:30,17:30,1:00,87:30:00,114:25:00
24-Jan-24,018,Allison ,San Jose,8:35,17:38,0:05,0,8:08:00,8,8:30,17:30,1:00,87:30:00,114:25:00
25-Jan-24,018,Allison ,San Jose,8:30,17:09,0:00,0,7:39:00,8,8:30,17:30,1:00,87:30:00,114:25:00
26-Jan-24,018,Allison ,San Jose,8:27,17:35,0:00,0,8:05:00,8,8:30,17:30,1:00,87:30:00,114:25:00
27-Jan-24,018,Allison ,San Jose,8:25,17:54,0:00,0,8:24:00,8,8:30,17:30,1:00,87:30:00,114:25:00
29-Jan-24,018,Allison ,San Jose,8:30,17:34,0:00,0,8:04:00,8,8:30,17:30,1:00,87:30:00,114:25:00
30-Jan-24,018,Allison ,San Jose,8:27,17:40,0:00,0,8:10:00,8,8:30,17:30,1:00,87:30:00,114:25:00
31-Jan-24,018,Allison ,San Jose,8:27,17:39,0:00,0,8:09:00,8,8:30,17:30,1:00,87:30:00,114:25:00
3-Jan-24,019,Cydney,Rosario,8:25,17:05,0:00,0,7:35:00,8,8:30,17:30,1:00,65:27:10,110:51:00
4-Jan-24,019,Cydney,Rosario,8:30,17:35,0:00,0,8:05:00,8,8:30,17:30,1:00,65:27:10,110:51:00
5-Jan-24,019,Cydney,Rosario,8:27,17:54,0:00,0,8:24:00,8,8:30,17:30,1:00,65:27:10,110:51:00
6-Jan-24,019,Cydney,Rosario,8:25,17:38,0:00,0,8:08:00,8,8:30,17:30,1:00,65:27:10,110:51:00
8-Jan-24,019,Cydney,Rosario,8:16,17:05,0:00,0,7:35:10,8,8:30,17:30,1:00,65:27:10,110:51:00
9-Jan-24,019,Cydney,Rosario,8:16,17:30,0:00,0,8:00:00,8,8:30,17:30,1:00,65:27:10,110:51:00
10-Jan-24,019,Cydney,Rosario,Emergency Leave,Emergency Leave,Emergency Leave,Emergency Leave,Emergency Leave,Emergency Leave,Emergency Leave,Emergency Leave,Emergency Leave,65:27:10,110:51:00
11-Jan-24,019,Cydney,Rosario,Emergency Leave,Emergency Leave,Emergency Leave,Emergency Leave,Emergency Leave,Emergency Leave,Emergency Leave,Emergency Leave,Emergency Leave,65:27:10,110:51:00
12-Jan-24,019,Cydney,Rosario,Emergency Leave,Emergency Leave,Emergency Leave,Emergency Leave,Emergency Leave,Emergency Leave,Emergency Leave,Emergency Leave,Emergency Leave,65:27:10,110:51:00
13-Jan-24,019,Cydney,Rosario,8:05,19:00,0:00,0:30:00,9:30:00,8,8:30,17:30,1:00,65:27:10,110:51:00
15-Jan-24,019,Cydney,Rosario,8:20,17:40,0:00,0,8:10:00,8,8:30,17:30,1:00,65:27:10,110:51:00
16-Jan-24,019,Cydney,Rosario,8:30,17:36,0:00,0,8:06:00,8,8:30,17:30,1:00,65:27:10,110:51:00
17-Jan-24,019,Cydney,Rosario,8:05,17:03,0:00,0,7:33:00,8,8:30,17:30,1:00,65:27:10,110:51:00
18-Jan-24,019,Cydney,Rosario,8:20,17:40,0:00,0,8:10:00,8,8:30,17:30,1:00,65:27:10,110:51:00
19-Jan-24,019,Cydney,Rosario,8:30,17:36,0:00,0,8:06:00,8,8:30,17:30,1:00,65:27:10,110:51:00
20-Jan-24,019,Cydney,Rosario,8:05,17:30,0:00,0,8:00:00,8,8:30,17:30,1:00,65:27:10,110:51:00
22-Jan-24,019,Cydney,Rosario,8:04,17:00,0:00,0,7:30:00,8,8:30,17:30,1:00,65:27:10,110:51:00
23-Jan-24,019,Cydney,Rosario,8:00,17:06,0:00,0,7:36:00,8,8:30,17:30,1:00,65:27:10,110:51:00
24-Jan-24,019,Cydney,Rosario,8:06,17:30,0:00,0,8:00:00,8,8:30,17:30,1:00,65:27:10,110:51:00
25-Jan-24,019,Cydney,Rosario,8:00,17:15,0:00,0,7:45:00,8,8:30,17:30,1:00,65:27:10,110:51:00
26-Jan-24,019,Cydney,Rosario,8:03,17:10,0:00,0,7:40:00,8,8:30,17:30,1:00,65:27:10,110:51:00
27-Jan-24,019,Cydney,Rosario,8:27,17:36,0:00,,8:06:00,8,8:30,17:30,1:00,65:27:10,110:51:00
29-Jan-24,019,Cydney,Rosario,8:30,17:38,0:00,0,8:08:00,8,8:30,17:30,1:00,65:27:10,110:51:00
30-Jan-24,019,Cydney,Rosario,8:27,17:37,0:00,0,8:07:00,8,8:30,17:30,1:00,65:27:10,110:51:00
31-Jan-24,019,Cydney,Rosario,8:25,17:34,0:00,0,8:04:00,8,8:30,17:30,1:00,65:27:10,110:51:00
3-Jan-24,020,Mark ,Bautista,8:20,17:40,0:00,0,8:10:00,8,8:30,17:30,1:00,90:56:00,109:10:00
4-Jan-24,020,Mark ,Bautista,8:30,17:39,0:00,0,8:09:00,8,8:30,17:30,1:00,90:56:00,109:10:00
5-Jan-24,020,Mark ,Bautista,8:30,17:36,0:00,0,8:06:00,8,8:30,17:30,1:00,90:56:00,109:10:00
6-Jan-24,020,Mark ,Bautista,8:30,17:34,0:00,,8:04:00,8,8:30,17:30,1:00,90:56:00,109:10:00
8-Jan-24,020,Mark ,Bautista,8:30,17:39,0:00,0,8:09:00,8,8:30,17:30,1:00,90:56:00,109:10:00
9-Jan-24,020,Mark ,Bautista,8:30,17:36,0:00,0,8:06:00,8,8:30,17:30,1:00,90:56:00,109:10:00
10-Jan-24,020,Mark ,Bautista,8:37,18:20,0:07,0,8:50:00,8,8:30,17:30,1:00,90:56:00,109:10:00
11-Jan-24,020,Mark ,Bautista,8:35,17:34,0:05,0,8:04:00,8,8:30,17:30,1:00,90:56:00,109:10:00
12-Jan-24,020,Mark ,Bautista,8:36,19:04,0:06,0:34:00,9:34:00,8,8:30,17:30,1:00,90:56:00,109:10:00
13-Jan-24,020,Mark ,Bautista,8:16,17:34,0:00,0,8:04:00,8,8:30,17:30,1:00,90:56:00,109:10:00
15-Jan-24,020,Mark ,Bautista,8:03,17:10,0:00,0,7:40:00,8,8:30,17:30,1:00,90:56:00,109:10:00
16-Jan-24,020,Mark ,Bautista,8:30,17:09,0:00,0,7:39:00,8,8:30,17:30,1:00,90:56:00,109:10:00
17-Jan-24,020,Mark ,Bautista,8:30,17:03,0:00,0,7:33:00,8,8:30,17:30,1:00,90:56:00,109:10:00
18-Jan-24,020,Mark ,Bautista,8:30,17:20,0:00,0,7:50:00,8,8:30,17:30,1:00,90:56:00,109:10:00
19-Jan-24,020,Mark ,Bautista,8:30,17:08,0:00,0,7:38:00,8,8:30,17:30,1:00,90:56:00,109:10:00
20-Jan-24,020,Mark ,Bautista,8:16,17:34,0:00,0,8:04:00,8,8:30,17:30,1:00,90:56:00,109:10:00
22-Jan-24,020,Mark ,Bautista,8:30,17:00,0:00,0,7:30:00,8,8:30,17:30,1:00,90:56:00,109:10:00
23-Jan-24,020,Mark ,Bautista,8:30,17:05,0:00,0,7:35:00,8,8:30,17:30,1:00,90:56:00,109:10:00
24-Jan-24,020,Mark ,Bautista,8:30,17:00,0:00,0,7:30:00,8,8:30,17:30,1:00,90:56:00,109:10:00
25-Jan-24,020,Mark ,Bautista,8:30,17:05,0:00,0,7:35:00,8,8:30,17:30,1:00,90:56:00,109:10:00
26-Jan-24,020,Mark ,Bautista,8:20,17:40,0:00,0,8:10:00,8,8:30,17:30,1:00,90:56:00,109:10:00
27-Jan-24,020,Mark ,Bautista,8:30,17:36,0:00,0,8:06:00,8,8:30,17:30,1:00,90:56:00,109:10:00
29-Jan-24,020,Mark ,Bautista,8:29,17:30,0:00,0,8:00:00,8,8:30,17:30,1:00,90:56:00,109:10:00
30-Jan-24,020,Mark ,Bautista,8:30,17:30,0:00,0,8:00:00,8,8:30,17:30,1:00,90:56:00,109:10:00
31-Jan-24,020,Mark ,Bautista,8:35,17:30,0:05,0,8:00:00,8,8:30,17:30,1:00,90:56:00,109:10:00
3-Jan-24,021,Darlene ,Lazaro,8:33,17:43,0:03,0,8:13:00,8,8:30,17:30,1:00,89:25:00,114:14:00
4-Jan-24,021,Darlene ,Lazaro,8:35,17:36,0:05,0,8:06:00,8,8:30,17:30,1:00,89:25:00,114:14:00
5-Jan-24,021,Darlene ,Lazaro,8:37,17:40,0:07,0,8:10:00,8,8:30,17:30,1:00,89:25:00,114:14:00
6-Jan-24,021,Darlene ,Lazaro,8:27,17:36,0:00,0,8:06:00,8,8:30,17:30,1:00,89:25:00,114:14:00
8-Jan-24,021,Darlene ,Lazaro,8:30,17:38,0:00,0,8:08:00,8,8:30,17:30,1:00,89:25:00,114:14:00
9-Jan-24,021,Darlene ,Lazaro,8:27,17:37,0:00,0,8:07:00,8,8:30,17:30,1:00,89:25:00,114:14:00
10-Jan-24,021,Darlene ,Lazaro,8:25,17:34,0:00,0,8:04:00,8,8:30,17:30,1:00,89:25:00,114:14:00
11-Jan-24,021,Darlene ,Lazaro,8:20,17:40,0:00,0,8:10:00,8,8:30,17:30,1:00,89:25:00,114:14:00
12-Jan-24,021,Darlene ,Lazaro,8:30,17:39,0:00,0,8:09:00,8,8:30,17:30,1:00,89:25:00,114:14:00
13-Jan-24,021,Darlene ,Lazaro,8:30,17:36,0:00,0,8:06:00,8,8:30,17:30,1:00,89:25:00,114:14:00
15-Jan-24,021,Darlene ,Lazaro,8:27,17:36,0:00,0,8:06:00,8,8:30,17:30,1:00,89:25:00,114:14:00
16-Jan-24,021,Darlene ,Lazaro,8:30,17:38,0:00,0,8:08:00,8,8:30,17:30,1:00,89:25:00,114:14:00
17-Jan-24,021,Darlene ,Lazaro,8:27,17:37,0:00,0,8:07:00,8,8:30,17:30,1:00,89:25:00,114:14:00
18-Jan-24,021,Darlene ,Lazaro,8:25,17:34,0:00,0,8:04:00,8,8:30,17:30,1:00,89:25:00,114:14:00
19-Jan-24,021,Darlene ,Lazaro,8:20,17:40,0:00,0,8:10:00,8,8:30,17:30,1:00,89:25:00,114:14:00
20-Jan-24,021,Darlene ,Lazaro,8:20,17:40,0:00,0,8:10:00,8,8:30,17:30,1:00,89:25:00,114:14:00
22-Jan-24,021,Darlene ,Lazaro,8:30,17:36,0:00,0,8:06:00,8,8:30,17:30,1:00,89:25:00,114:14:00
23-Jan-24,021,Darlene ,Lazaro,8:30,17:38,0:00,0,8:08:00,8,8:30,17:30,1:00,89:25:00,114:14:00
24-Jan-24,021,Darlene ,Lazaro,8:30,17:00,0:00,0,7:30:00,8,8:30,17:30,1:00,89:25:00,114:14:00
25-Jan-24,021,Darlene ,Lazaro,8:30,17:03,0:00,0,7:33:00,8,8:30,17:30,1:00,89:25:00,114:14:00
26-Jan-24,021,Darlene ,Lazaro,8:30,17:00,0:00,0,7:30:00,8,8:30,17:30,1:00,89:25:00,114:14:00
27-Jan-24,021,Darlene ,Lazaro,8:30,17:02,0:00,0,7:32:00,8,8:30,17:30,1:00,89:25:00,114:14:00
29-Jan-24,021,Darlene ,Lazaro,8:27,17:36,0:00,0,8:06:00,8,8:30,17:30,1:00,89:25:00,114:14:00
30-Jan-24,021,Darlene ,Lazaro,8:30,19:10,0:00,0:40:00,9:40:00,8,8:30,17:30,1:00,89:25:00,114:14:00
31-Jan-24,021,Darlene ,Lazaro,8:30,19:00,0:00,0:30:00,9:30:00,8,8:30,17:30,1:00,89:25:00,114:14:00
3-Jan-24,022,Kolby ,Delos Santos,8:30,17:01,0:00,0,7:31:00,8,8:30,17:30,1:00,87:59:00,109:18:00
4-Jan-24,022,Kolby ,Delos Santos,8:30,17:34,0:00,0,8:04:00,8,8:30,17:30,1:00,87:59:00,109:18:00
5-Jan-24,022,Kolby ,Delos Santos,8:30,17:01,0:00,0,7:31:00,8,8:30,17:30,1:00,87:59:00,109:18:00
6-Jan-24,022,Kolby ,Delos Santos,8:30,17:34,0:00,0,8:04:00,8,8:30,17:30,1:00,87:59:00,109:18:00
8-Jan-24,022,Kolby ,Delos Santos,8:27,17:36,0:00,0,8:06:00,8,8:30,17:30,1:00,87:59:00,109:18:00
9-Jan-24,022,Kolby ,Delos Santos,8:30,17:38,0:00,0,8:08:00,8,8:30,17:30,1:00,87:59:00,109:18:00
10-Jan-24,022,Kolby ,Delos Santos,8:27,17:37,0:00,0,8:07:00,8,8:30,17:30,1:00,87:59:00,109:18:00
11-Jan-24,022,Kolby ,Delos Santos,8:25,17:34,0:00,0,8:04:00,8,8:30,17:30,1:00,87:59:00,109:18:00
12-Jan-24,022,Kolby ,Delos Santos,8:20,17:40,0:00,0,8:10:00,8,8:30,17:30,1:00,87:59:00,109:18:00
13-Jan-24,022,Kolby ,Delos Santos,8:30,17:36,0:00,0,8:06:00,8,8:30,17:30,1:00,87:59:00,109:18:00
15-Jan-24,022,Kolby ,Delos Santos,8:30,17:38,0:00,0,8:08:00,8,8:30,17:30,1:00,87:59:00,109:18:00
16-Jan-24,022,Kolby ,Delos Santos,8:27,17:37,0:00,0,8:07:00,8,8:30,17:30,1:00,87:59:00,109:18:00
17-Jan-24,022,Kolby ,Delos Santos,8:25,17:34,0:00,0,8:04:00,8,8:30,17:30,1:00,87:59:00,109:18:00
18-Jan-24,022,Kolby ,Delos Santos,8:20,17:40,0:00,0,8:10:00,8,8:30,17:30,1:00,87:59:00,109:18:00
19-Jan-24,022,Kolby ,Delos Santos,8:30,17:39,0:00,0,8:09:00,8,8:30,17:30,1:00,87:59:00,109:18:00
20-Jan-24,022,Kolby ,Delos Santos,8:30,17:36,0:00,0,8:06:00,8,8:30,17:30,1:00,87:59:00,109:18:00
22-Jan-24,022,Kolby ,Delos Santos,8:00,17:04,0:00,0,7:34:00,8,8:30,17:30,1:00,87:59:00,109:18:00
23-Jan-24,022,Kolby ,Delos Santos,8:03,17:06,0:00,0,7:36:00,8,8:30,17:30,1:00,87:59:00,109:18:00
24-Jan-24,022,Kolby ,Delos Santos,8:16,17:08,0:00,0,7:38:00,8,8:30,17:30,1:00,87:59:00,109:18:00
25-Jan-24,022,Kolby ,Delos Santos,8:01,17:09,0:00,0,7:39:00,8,8:30,17:30,1:00,87:59:00,109:18:00
26-Jan-24,022,Kolby ,Delos Santos,8:16,17:15,0:00,0,7:45:00,8,8:30,17:30,1:00,87:59:00,109:18:00
27-Jan-24,022,Kolby ,Delos Santos,8:08,17:06,0:00,0,7:36:00,8,8:30,17:30,1:00,87:59:00,109:18:00
29-Jan-24,022,Kolby ,Delos Santos,8:00,17:10,0:00,0,7:40:00,8,8:30,17:30,1:00,87:59:00,109:18:00
30-Jan-24,022,Kolby ,Delos Santos,8:16,17:05,0:00,0,7:35:00,8,8:30,17:30,1:00,87:59:00,109:18:00
31-Jan-24,022,Kolby ,Delos Santos,8:16,17:09,0:00,0,7:39:00,8,8:30,17:30,1:00,87:59:00,109:18:00
3-Jan-24,023,Vella ,Santos,8:10,17:04,0:00,0,7:34:00,8,8:30,17:30,1:00,86:37:00,112:36:00
4-Jan-24,023,Vella ,Santos,8:16,17:10,0:00,0,7:40:00,8,8:30,17:30,1:00,86:37:00,112:36:00
5-Jan-24,023,Vella ,Santos,8:15,17:16,0:00,0,7:46:00,8,8:30,17:30,1:00,86:37:00,112:36:00
6-Jan-24,023,Vella ,Santos,8:16,17:16,0:00,0,7:46:00,8,8:30,17:30,1:00,86:37:00,112:36:00
8-Jan-24,023,Vella ,Santos,7:59,17:03,0:00,0,7:33:00,8,8:30,17:30,1:00,86:37:00,112:36:00
9-Jan-24,023,Vella ,Santos,8:03,17:08,0:00,0,7:38:00,8,8:30,17:30,1:00,86:37:00,112:36:00
10-Jan-24,023,Vella ,Santos,8:09,17:01,0:00,0,7:31:00,8,8:30,17:30,1:00,86:37:00,112:36:00
11-Jan-24,023,Vella ,Santos,8:16,17:34,0:00,0,8:04:00,8,8:30,17:30,1:00,86:37:00,112:36:00
12-Jan-24,023,Vella ,Santos,8:38,17:41,0:08,0,8:11:00,8,8:30,17:30,1:00,86:37:00,112:36:00
13-Jan-24,023,Vella ,Santos,8:37,18:20,0:07,0,8:50:00,8,8:30,17:30,1:00,86:37:00,112:36:00
15-Jan-24,023,Vella ,Santos,8:35,17:34,0:05,0,8:04:00,8,8:30,17:30,1:00,86:37:00,112:36:00
16-Jan-24,023,Vella ,Santos,8:36,19:04,0:06,0,9:34:00,8,8:30,17:30,1:00,86:37:00,112:36:00
17-Jan-24,023,Vella ,Santos,8:01,17:10,0:00,0,7:40:00,8,8:30,17:30,1:00,86:37:00,112:36:00
18-Jan-24,023,Vella ,Santos,8:05,17:17,0:00,0,7:47:00,8,8:30,17:30,1:00,86:37:00,112:36:00
19-Jan-24,023,Vella ,Santos,8:10,17:14,0:00,0,7:44:00,8,8:30,17:30,1:00,86:37:00,112:36:00
20-Jan-24,023,Vella ,Santos,8:10,17:10,0:00,0,7:40:00,8,8:30,17:30,1:00,86:37:00,112:36:00
22-Jan-24,023,Vella ,Santos,8:00,17:20,0:00,0,7:50:00,8,8:30,17:30,1:00,86:37:00,112:36:00
23-Jan-24,023,Vella ,Santos,8:27,17:36,0:00,0,8:06:00,8,8:30,17:30,1:00,86:37:00,112:36:00
24-Jan-24,023,Vella ,Santos,8:30,17:38,0:00,0,8:08:00,8,8:30,17:30,1:00,86:37:00,112:36:00
25-Jan-24,023,Vella ,Santos,8:27,17:37,0:00,0,8:07:00,8,8:30,17:30,1:00,86:37:00,112:36:00
26-Jan-24,023,Vella ,Santos,8:25,17:34,0:00,0,8:04:00,8,8:30,17:30,1:00,86:37:00,112:36:00
27-Jan-24,023,Vella ,Santos,8:20,17:40,0:00,0,8:10:00,8,8:30,17:30,1:00,86:37:00,112:36:00
29-Jan-24,023,Vella ,Santos,8:30,17:39,0:00,0,8:09:00,8,8:30,17:30,1:00,86:37:00,112:36:00
30-Jan-24,023,Vella ,Santos,8:30,17:36,0:00,0,8:06:00,8,8:30,17:30,1:00,86:37:00,112:36:00
31-Jan-24,023,Vella ,Santos,8:00,17:01,0:00,0,7:31:00,8,8:30,17:30,1:00,86:37:00,112:36:00
3-Jan-24,024,Tomas ,Del Rosario,8:30,17:06,0:00,0,7:36:50,8,8:30,17:30,1:00,88:32:00,113:09:00
4-Jan-24,024,Tomas ,Del Rosario,8:14,17:41,0:00,0,8:11:00,8,8:30,17:30,1:00,88:32:00,113:09:00
5-Jan-24,024,Tomas ,Del Rosario,8:10,17:39,0:00,0,8:09:00,8,8:30,17:30,1:00,88:32:00,113:09:00
6-Jan-24,024,Tomas ,Del Rosario,8:30,17:41,0:00,0,8:11:00,8,8:30,17:30,1:00,88:32:00,113:09:00
8-Jan-24,024,Tomas ,Del Rosario,8:12,17:41,0:00,0,8:11:00,8,8:30,17:30,1:00,88:32:00,113:09:00
9-Jan-24,024,Tomas ,Del Rosario,8:30,17:30,0:00,0,8:00:00,8,8:30,17:30,1:00,88:32:00,113:09:00
10-Jan-24,024,Tomas ,Del Rosario,8:03,17:30,0:00,0,8:00:00,8,8:30,17:30,1:00,88:32:00,113:09:00
11-Jan-24,024,Tomas ,Del Rosario,8:00,17:40,0:00,0,8:10:30,8,8:30,17:30,1:00,88:32:00,113:09:00
12-Jan-24,024,Tomas ,Del Rosario,8:30,17:36,0:00,0,8:06:00,8,8:30,17:30,1:00,88:32:00,113:09:00
13-Jan-24,024,Tomas ,Del Rosario,8:30,17:20,0:00,0,7:50:40,8,8:30,17:30,1:00,88:32:00,113:09:00
15-Jan-24,024,Tomas ,Del Rosario,8:09,17:36,0:00,0,8:06:00,8,8:30,17:30,1:00,88:32:00,113:09:00
16-Jan-24,024,Tomas ,Del Rosario,8:27,17:36,0:00,0,8:06:00,8,8:30,17:30,1:00,88:32:00,113:09:00
17-Jan-24,024,Tomas ,Del Rosario,8:30,17:38,0:00,0,8:08:00,8,8:30,17:30,1:00,88:32:00,113:09:00
18-Jan-24,024,Tomas ,Del Rosario,8:27,17:37,0:00,0,8:07:00,8,8:30,17:30,1:00,88:32:00,113:09:00
19-Jan-24,024,Tomas ,Del Rosario,8:25,17:34,0:00,0,8:04:00,8,8:30,17:30,1:00,88:32:00,113:09:00
20-Jan-24,024,Tomas ,Del Rosario,8:20,17:40,0:00,0,8:10:00,8,8:30,17:30,1:00,88:32:00,113:09:00
22-Jan-24,024,Tomas ,Del Rosario,8:18,17:36,0:00,0,8:06:00,8,8:30,17:30,1:00,88:32:00,113:09:00
23-Jan-24,024,Tomas ,Del Rosario,8:18,17:36,0:00,0,8:06:00,8,8:30,17:30,1:00,88:32:00,113:09:00
24-Jan-24,024,Tomas ,Del Rosario,8:27,16:50,0:00,0,7:20:00,8,8:30,17:30,1:00,88:32:00,113:09:00
25-Jan-24,024,Tomas ,Del Rosario,8:27,17:41,0:00,0,8:11:00,8,8:30,17:30,1:00,88:32:00,113:09:00
26-Jan-24,024,Tomas ,Del Rosario,8:18,17:39,0:00,0,8:09:00,8,8:30,17:30,1:00,88:32:00,113:09:00
27-Jan-24,024,Tomas ,Del Rosario,8:18,17:41,0:00,0,8:11:00,8,8:30,17:30,1:00,88:32:00,113:09:00
29-Jan-24,024,Tomas ,Del Rosario,8:18,17:41,0:00,0,8:11:00,8,8:30,17:30,1:00,88:32:00,113:09:00
30-Jan-24,024,Tomas ,Del Rosario,8:27,17:41,0:00,0,8:11:00,8,8:30,17:30,1:00,88:32:00,113:09:00
31-Jan-24,024,Tomas ,Del Rosario,8:27,17:39,0:00,0,8:09:00,8,8:30,17:30,1:00,88:32:00,113:09:00
3-Jan-24,025,Jacklyn ,Tolentino,8:18,17:41,0:00,0,8:11:00,8,8:30,17:30,1:00,89:08:00,112:02:31
4-Jan-24,025,Jacklyn ,Tolentino,8:27,17:41,0:00,0,8:11:00,8,8:30,17:30,1:00,89:08:00,112:02:31
5-Jan-24,025,Jacklyn ,Tolentino,8:30,17:30,0:00,0,8:00:00,8,8:30,17:30,1:00,89:08:00,112:02:31
6-Jan-24,025,Jacklyn ,Tolentino,8:27,17:30,0:00,0,8:00:00,8,8:30,17:30,1:00,89:08:00,112:02:31
8-Jan-24,025,Jacklyn ,Tolentino,8:25,17:34,0:00,0,8:04:00,8,8:30,17:30,1:00,89:08:00,112:02:31
9-Jan-24,025,Jacklyn ,Tolentino,8:20,17:41,0:00,0,8:11:00,8,8:30,17:30,1:00,89:08:00,112:02:31
10-Jan-24,025,Jacklyn ,Tolentino,8:30,17:39,0:00,0,8:09:00,8,8:30,17:30,1:00,89:08:00,112:02:31
11-Jan-24,025,Jacklyn ,Tolentino,8:30,17:41,0:00,0,8:11:00,8,8:30,17:30,1:00,89:08:00,112:02:31
12-Jan-24,025,Jacklyn ,Tolentino,8:08,17:41,0:00,0,8:11:00,8,8:30,17:30,1:00,89:08:00,112:02:31
15-Jan-24,025,Jacklyn ,Tolentino,8:25,17:30,0:00,0,8:00:00,8,8:30,17:30,1:00,89:08:00,112:02:31
16-Jan-24,025,Jacklyn ,Tolentino,8:18,17:30,0:00,0,8:00:00,8,8:30,17:30,1:00,89:08:00,112:02:31
17-Jan-24,025,Jacklyn ,Tolentino,8:25,17:34,0:00,0,8:04:07,8,8:30,17:30,1:00,89:08:00,112:02:31
18-Jan-24,025,Jacklyn ,Tolentino,8:09,17:41,0:00,0,8:11:00,8,8:30,17:30,1:00,89:08:00,112:02:31
19-Jan-24,025,Jacklyn ,Tolentino,8:30,17:39,0:00,0,8:09:00,8,8:30,17:30,1:00,89:08:00,112:02:31
20-Jan-24,025,Jacklyn ,Tolentino,8:35,17:41,0:05,0,8:11:00,8,8:30,17:30,1:00,89:08:00,112:02:31
22-Jan-24,025,Jacklyn ,Tolentino,8:33,17:41,0:03,0,8:11:00,8,8:30,17:30,1:00,89:08:00,112:02:31
23-Jan-24,025,Jacklyn ,Tolentino,8:35,17:30,0:05,0,8:00:00,8,8:30,17:30,1:00,89:08:00,112:02:31
24-Jan-24,025,Jacklyn ,Tolentino,8:37,17:30,0:07,0,8:00:00,8,8:30,17:30,1:00,89:08:00,112:02:31
25-Jan-24,025,Jacklyn ,Tolentino,8:33,17:40,0:03,0,8:10:00,8,8:30,17:30,1:00,89:08:00,112:02:31
26-Jan-24,025,Jacklyn ,Tolentino,8:30,17:39,0:00,0,8:09:00,8,8:30,17:30,1:00,89:08:00,112:02:31
27-Jan-24,025,Jacklyn ,Tolentino,8:28,17:33,0:00,0,8:03:00,8,8:30,17:30,1:00,89:08:00,112:02:31
29-Jan-24,025,Jacklyn ,Tolentino,8:09,17:05,0:00,0,7:35:40,8,8:30,17:30,1:00,89:08:00,112:02:31
30-Jan-24,025,Jacklyn ,Tolentino,8:03,17:05,0:00,0,7:35:40,8,8:30,17:30,1:00,89:08:00,112:02:31
31-Jan-24,025,Jacklyn ,Tolentino,8:25,17:02,0:00,0,7:32:04,8,8:30,17:30,1:00,89:08:00,112:02:31
3-Jan-24,026,Percival ,Gutierrez,8:03,17:41,0:00,0,8:11:00,8,8:30,17:30,1:00,89:24:00,113:48:00
4-Jan-24,026,Percival ,Gutierrez,8:10,17:39,0:00,0,8:09:00,8,8:30,17:30,1:00,89:24:00,113:48:00
5-Jan-24,026,Percival ,Gutierrez,8:18,17:41,0:00,0,8:11:00,8,8:30,17:30,1:00,89:24:00,113:48:00
6-Jan-24,026,Percival ,Gutierrez,8:10,17:41,0:00,0,8:11:00,8,8:30,17:30,1:00,89:24:00,113:48:00
8-Jan-24,026,Percival ,Gutierrez,8:38,17:30,0:08,0,8:00:00,8,8:30,17:30,1:00,89:24:00,113:48:00
9-Jan-24,026,Percival ,Gutierrez,8:30,17:30,0:00,0,8:00:00,8,8:30,17:30,1:00,89:24:00,113:48:00
10-Jan-24,026,Percival ,Gutierrez,8:35,17:41,0:05,0,8:11:00,8,8:30,17:30,1:00,89:24:00,113:48:00
11-Jan-24,026,Percival ,Gutierrez,8:04,17:39,0:00,0,8:09:00,8,8:30,17:30,1:00,89:24:00,113:48:00
12-Jan-24,026,Percival ,Gutierrez,8:24,17:41,0:00,0,8:11:00,8,8:30,17:30,1:00,89:24:00,113:48:00
13-Jan-24,026,Percival ,Gutierrez,8:38,17:41,0:08,0,8:11:00,8,8:30,17:30,1:00,89:24:00,113:48:00
15-Jan-24,026,Percival ,Gutierrez,8:32,17:30,0:02,0,8:00:00,8,8:30,17:30,1:00,89:24:00,113:48:00
16-Jan-24,026,Percival ,Gutierrez,8:38,17:30,0:08,0,8:00:00,8,8:30,17:30,1:00,89:24:00,113:48:00
17-Jan-24,026,Percival ,Gutierrez,8:38,17:41,0:08,0,8:11:00,8,8:30,17:30,1:00,89:24:00,113:48:00
18-Jan-24,026,Percival ,Gutierrez,8:30,17:39,0:00,0,8:09:00,8,8:30,17:30,1:00,89:24:00,113:48:00
19-Jan-24,026,Percival ,Gutierrez,8:24,17:37,0:00,0,8:07:00,8,8:30,17:30,1:00,89:24:00,113:48:00
20-Jan-24,026,Percival ,Gutierrez,8:38,17:41,0:08,0,8:11:00,8,8:30,17:30,1:00,89:24:00,113:48:00
22-Jan-24,026,Percival ,Gutierrez,8:32,17:39,0:02,0,8:09:00,8,8:30,17:30,1:00,89:24:00,113:48:00
23-Jan-24,026,Percival ,Gutierrez,8:38,17:41,0:08,0,8:11:00,8,8:30,17:30,1:00,89:24:00,113:48:00
24-Jan-24,026,Percival ,Gutierrez,8:38,17:41,0:08,0,8:11:00,8,8:30,17:30,1:00,89:24:00,113:48:00
25-Jan-24,026,Percival ,Gutierrez,8:30,17:30,0:00,0,8:00:00,8,8:30,17:30,1:00,89:24:00,113:48:00
26-Jan-24,026,Percival ,Gutierrez,8:35,17:30,0:05,0,8:00:00,8,8:30,17:30,1:00,89:24:00,113:48:00
27-Jan-24,026,Percival ,Gutierrez,8:33,17:43,0:03,0,8:13:00,8,8:30,17:30,1:00,89:24:00,113:48:00
29-Jan-24,026,Percival ,Gutierrez,8:35,17:36,0:05,0,8:06:00,8,8:30,17:30,1:00,89:24:00,113:48:00
30-Jan-24,026,Percival ,Gutierrez,8:37,17:40,0:07,0,8:10:00,8,8:30,17:30,1:00,89:24:00,113:48:00
31-Jan-24,026,Percival ,Gutierrez,8:33,17:40,0:03,0,8:10:00,8,8:30,17:30,1:00,89:24:00,113:48:00
3-Jan-24,027,Garfield,Manalaysay,8:30,17:39,0:00,0,8:09:00,8,8:30,17:30,1:00,89:21:00,113:07:40
4-Jan-24,027,Garfield,Manalaysay,8:27,17:36,0:00,0,8:06:00,8,8:30,17:30,1:00,89:21:00,113:07:40
5-Jan-24,027,Garfield,Manalaysay,8:30,17:38,0:00,0,8:08:00,8,8:30,17:30,1:00,89:21:00,113:07:40
6-Jan-24,027,Garfield,Manalaysay,8:27,17:37,0:00,0,8:07:00,8,8:30,17:30,1:00,89:21:00,113:07:40
8-Jan-24,027,Garfield,Manalaysay,8:25,17:34,0:00,0,8:04:00,8,8:30,17:30,1:00,89:21:00,113:07:40
9-Jan-24,027,Garfield,Manalaysay,8:20,17:40,0:00,0,8:10:00,8,8:30,17:30,1:00,89:21:00,113:07:40
10-Jan-24,027,Garfield,Manalaysay,8:30,17:39,0:00,0,8:09:00,8,8:30,17:30,1:00,89:21:00,113:07:40
11-Jan-24,027,Garfield,Manalaysay,8:30,17:36,0:00,0,8:06:00,8,8:30,17:30,1:00,89:21:00,113:07:40
12-Jan-24,027,Garfield,Manalaysay,8:33,17:40,0:03,0,8:10:00,8,8:30,17:30,1:00,89:21:00,113:07:40
13-Jan-24,027,Garfield,Manalaysay,8:30,17:39,0:00,0,8:09:00,8,8:30,17:30,1:00,89:21:00,113:07:40
15-Jan-24,027,Garfield,Manalaysay,8:28,17:33,0:00,0,8:03:00,8,8:30,17:30,1:00,89:21:00,113:07:40
16-Jan-24,027,Garfield,Manalaysay,8:27,17:36,0:00,0,8:06:00,8,8:30,17:30,1:00,89:21:00,113:07:40
17-Jan-24,027,Garfield,Manalaysay,8:30,17:38,0:00,0,8:08:00,8,8:30,17:30,1:00,89:21:00,113:07:40
18-Jan-24,027,Garfield,Manalaysay,8:27,17:37,0:00,0,8:07:00,8,8:30,17:30,1:00,89:21:00,113:07:40
19-Jan-24,027,Garfield,Manalaysay,8:25,17:34,0:00,0,8:04:00,8,8:30,17:30,1:00,89:21:00,113:07:40
20-Jan-24,027,Garfield,Manalaysay,8:20,17:40,0:00,0,8:10:00,8,8:30,17:30,1:00,89:21:00,113:07:40
22-Jan-24,027,Garfield,Manalaysay,8:20,17:40,0:00,0,8:10:00,8,8:30,17:30,1:00,89:21:00,113:07:40
23-Jan-24,027,Garfield,Manalaysay,8:30,17:39,0:00,0,8:09:00,8,8:30,17:30,1:00,89:21:00,113:07:40
24-Jan-24,027,Garfield,Manalaysay,8:30,17:36,0:00,0,8:06:00,8,8:30,17:30,1:00,89:21:00,113:07:40
25-Jan-24,027,Garfield,Manalaysay,8:37,17:40,0:07,0,8:10:00,8,8:30,17:30,1:00,89:21:00,113:07:40
26-Jan-24,027,Garfield,Manalaysay,8:30,17:15,0:00,0,7:45:00,8,8:30,17:30,1:00,89:21:00,113:07:40
27-Jan-24,027,Garfield,Manalaysay,8:30,17:30,0:00,0,8:00:20,8,8:30,17:30,1:00,89:21:00,113:07:40
29-Jan-24,027,Garfield,Manalaysay,8:30,17:30,0:00,0,8:00:20,8,8:30,17:30,1:00,89:21:00,113:07:40
30-Jan-24,027,Garfield,Manalaysay,8:30,17:39,0:00,0,8:09:00,8,8:30,17:30,1:00,89:21:00,113:07:40
31-Jan-24,027,Garfield,Manalaysay,8:28,17:33,0:00,0,8:03:00,8,8:30,17:30,1:00,89:21:00,113:07:40
3-Jan-24,028,Lizeth ,Villegas,8:35,17:00,0:05,0,7:30:00,8,8:30,17:30,1:00,88:34:00,92:39:20
4-Jan-24,028,Lizeth ,Villegas,8:30,17:30,0:00,0,8:00:00,8,8:30,17:30,1:00,88:34:00,92:39:20
5-Jan-24,028,Lizeth ,Villegas,8:35,17:30,0:05,0,8:00:00,8,8:30,17:30,1:00,88:34:00,92:39:20
6-Jan-24,028,Lizeth ,Villegas,8:33,17:43,0:03,0,8:13:00,8,8:30,17:30,1:00,88:34:00,92:39:20
8-Jan-24,028,Lizeth ,Villegas,8:35,17:36,0:05,0,8:06:00,8,8:30,17:30,1:00,88:34:00,92:39:20
9-Jan-24,028,Lizeth ,Villegas,8:37,17:40,0:07,0,8:10:00,8,8:30,17:30,1:00,88:34:00,92:39:20
10-Jan-24,028,Lizeth ,Villegas,8:33,17:40,0:03,0,8:10:00,8,8:30,17:30,1:00,88:34:00,92:39:20
11-Jan-24,028,Lizeth ,Villegas,8:30,17:39,0:00,0,8:09:00,8,8:30,17:30,1:00,88:34:00,92:39:20
12-Jan-24,028,Lizeth ,Villegas,8:28,17:33,0:00,0,8:03:00,8,8:30,17:30,1:00,88:34:00,92:39:20
13-Jan-24,028,Lizeth ,Villegas,8:35,17:30,0:05,0,8:00:00,8,8:30,17:30,1:00,88:34:00,92:39:20
15-Jan-24,028,Lizeth ,Villegas,8:33,17:43,0:03,0,8:13:00,8,8:30,17:30,1:00,88:34:00,92:39:20
16-Jan-24,028,Lizeth ,Villegas,8:35,17:30,0:05,0,8:00:00,8,8:30,17:30,1:00,88:34:00,92:39:20
17-Jan-24,028,Lizeth ,Villegas,Vacation Leave,Vacation Leave,Vacation Leave,Vacation Leave,Vacation Leave,Vacation Leave,Vacation Leave,Vacation Leave,Vacation Leave,88:34:00,92:39:20
18-Jan-24,028,Lizeth ,Villegas,Vacation Leave,Vacation Leave,Vacation Leave,Vacation Leave,Vacation Leave,Vacation Leave,Vacation Leave,Vacation Leave,Vacation Leave,88:34:00,92:39:20
19-Jan-24,028,Lizeth ,Villegas,Vacation Leave,Vacation Leave,Vacation Leave,Vacation Leave,Vacation Leave,Vacation Leave,Vacation Leave,Vacation Leave,Vacation Leave,88:34:00,92:39:20
20-Jan-24,028,Lizeth ,Villegas,8:33,17:43,0:03,0:13:00,9:13:00,8,8:30,17:30,,88:34:00,92:39:20
22-Jan-24,028,Lizeth ,Villegas,8:50,17:40,0:20,0,8:10:00,8,8:30,17:30,1:00,88:34:00,92:39:20
23-Jan-24,028,Lizeth ,Villegas,8:35,17:30,0:05,0,8:00:00,8,8:30,17:30,1:00,88:34:00,92:39:20
24-Jan-24,028,Lizeth ,Villegas,8:33,17:43,0:03,0,8:13:00,8,8:30,17:30,1:00,88:34:00,92:39:20
25-Jan-24,028,Lizeth ,Villegas,8:36,19:04,0:06,0:34:00,9:34:00,8,8:30,17:30,1:00,88:34:00,92:39:20
26-Jan-24,028,Lizeth ,Villegas,8:57,17:30,0:27,0,8:00:00,8,8:30,17:30,1:00,88:34:00,92:39:20
27-Jan-24,028,Lizeth ,Villegas,8:30,17:35,0:00,0,9:05:00,8,8:30,17:30,,88:34:00,92:39:20
29-Jan-24,028,Lizeth ,Villegas,8:35,17:39,0:05,0,8:09:00,8,8:30,17:30,1:00,88:34:00,92:39:20
30-Jan-24,028,Lizeth ,Villegas,8:31,17:45,0:01,0,8:15:00,8,8:30,17:30,1:00,88:34:00,92:39:20
31-Jan-24,028,Lizeth ,Villegas,8:30,17:30,0:00,0,8:00:20,8,8:30,17:30,1:00,88:34:00,92:39:20
3-Jan-24,029,Carol ,Ramos,8:30,17:30,0:00,0,8:00:20,8,8:30,17:30,1:00,91:01:00,115:54:40
4-Jan-24,029,Carol ,Ramos,8:30,17:30,0:00,0,8:00:20,8,8:30,17:30,1:00,91:01:00,115:54:40
5-Jan-24,029,Carol ,Ramos,8:30,17:30,0:00,0,8:00:20,8,8:30,17:30,1:00,91:01:00,115:54:40
6-Jan-24,029,Carol ,Ramos,8:38,17:41,0:08,0,9:11:00,8,8:30,17:30,,91:01:00,115:54:40
8-Jan-24,029,Carol ,Ramos,8:57,17:30,0:27,0,8:00:00,8,8:30,17:30,1:00,91:01:00,115:54:40
9-Jan-24,029,Carol ,Ramos,8:57,17:30,0:27,0,8:00:00,8,8:30,17:30,1:00,91:01:00,115:54:40
10-Jan-24,029,Carol ,Ramos,8:30,17:35,0:00,0,8:05:00,8,8:30,17:30,1:00,91:01:00,115:54:40
11-Jan-24,029,Carol ,Ramos,8:35,17:39,0:05,0,8:09:00,8,8:30,17:30,1:00,91:01:00,115:54:40
12-Jan-24,029,Carol ,Ramos,8:31,17:45,0:01,0,8:15:00,8,8:30,17:30,1:00,91:01:00,115:54:40
13-Jan-24,029,Carol ,Ramos,8:38,17:41,0:08,0,9:11:00,8,8:30,17:30,,91:01:00,115:54:40
15-Jan-24,029,Carol ,Ramos,8:32,17:39,0:02,0,8:09:00,8,8:30,17:30,1:00,91:01:00,115:54:40
16-Jan-24,029,Carol ,Ramos,8:24,17:37,0:00,0,8:07:00,8,8:30,17:30,1:00,91:01:00,115:54:40
17-Jan-24,029,Carol ,Ramos,8:38,17:41,0:08,0,8:11:00,8,8:30,17:30,1:00,91:01:00,115:54:40
18-Jan-24,029,Carol ,Ramos,8:32,17:39,0:02,0,8:09:00,8,8:30,17:30,1:00,91:01:00,115:54:40
19-Jan-24,029,Carol ,Ramos,8:38,17:41,0:08,0,8:11:00,8,8:30,17:30,1:00,91:01:00,115:54:40
20-Jan-24,029,Carol ,Ramos,8:38,17:41,0:08,0,9:11:00,8,8:30,17:30,,91:01:00,115:54:40
22-Jan-24,029,Carol ,Ramos,8:30,17:30,0:00,0,8:00:20,8,8:30,17:30,1:00,91:01:00,115:54:40
23-Jan-24,029,Carol ,Ramos,8:38,17:41,0:08,0,8:11:00,8,8:30,17:30,1:00,91:01:00,115:54:40
24-Jan-24,029,Carol ,Ramos,8:30,17:30,0:00,0,8:00:20,8,8:30,17:30,1:00,91:01:00,115:54:40
25-Jan-24,029,Carol ,Ramos,8:38,17:41,0:08,0,8:11:00,8,8:30,17:30,1:00,91:01:00,115:54:40
26-Jan-24,029,Carol ,Ramos,8:32,17:39,0:02,0,8:09:00,8,8:30,17:30,1:00,91:01:00,115:54:40
27-Jan-24,029,Carol ,Ramos,8:24,17:37,0:00,0,9:07:00,8,8:30,17:30,,91:01:00,115:54:40
29-Jan-24,029,Carol ,Ramos,8:38,17:41,0:08,0,8:11:00,8,8:30,17:30,1:00,91:01:00,115:54:40
30-Jan-24,029,Carol ,Ramos,8:32,17:39,0:02,0,8:09:00,8,8:30,17:30,1:00,91:01:00,115:54:40
31-Jan-24,029,Carol ,Ramos,8:24,17:37,0:00,0,8:07:00,8,8:30,17:30,1:00,91:01:00,115:54:40
3-Jan-24,030,Emelia ,Maceda,8:33,17:40,0:03,0,8:10:00,8,8:30,17:30,1:00,65:50:00,115:07:20
4-Jan-24,030,Emelia ,Maceda,8:29,17:30,0:00,0,8:00:00,8,8:30,17:30,1:00,65:50:00,115:07:20
5-Jan-24,030,Emelia ,Maceda,8:30,17:30,0:00,0,8:00:00,8,8:30,17:30,1:00,65:50:00,115:07:20
6-Jan-24,030,Emelia ,Maceda,8:35,17:30,0:05,0,9:00:00,8,8:30,17:30,,65:50:00,115:07:20
8-Jan-24,030,Emelia ,Maceda,8:33,17:43,0:03,0,8:13:00,8,8:30,17:30,1:00,65:50:00,115:07:20
9-Jan-24,030,Emelia ,Maceda,8:35,17:36,0:05,0,8:06:00,8,8:30,17:30,1:00,65:50:00,115:07:20
10-Jan-24,030,Emelia ,Maceda,8:37,17:40,0:07,0,8:10:00,8,8:30,17:30,1:00,65:50:00,115:07:20
11-Jan-24,030,Emelia ,Maceda,8:38,17:41,0:08,0,8:11:00,8,8:30,17:30,1:00,65:50:00,115:07:20
12-Jan-24,030,Emelia ,Maceda,Sick Leave,Sick Leave,Sick Leave,Sick Leave,Sick Leave,Sick Leave,Sick Leave,Sick Leave,Sick Leave,65:50:00,115:07:20
13-Jan-24,030,Emelia ,Maceda,Sick Leave,Sick Leave,Sick Leave,Sick Leave,Sick Leave,Sick Leave,Sick Leave,Sick Leave,Sick Leave,65:50:00,115:07:20
15-Jan-24,030,Emelia ,Maceda,Sick Leave,Sick Leave,Sick Leave,Sick Leave,Sick Leave,Sick Leave,Sick Leave,Sick Leave,Sick Leave,65:50:00,115:07:20
16-Jan-24,030,Emelia ,Maceda,8:35,17:30,0:05,0,8:00:00,8,8:30,17:30,1:00,65:50:00,115:07:20
17-Jan-24,030,Emelia ,Maceda,8:33,17:43,0:03,0,8:13:00,8,8:30,17:30,1:00,65:50:00,115:07:20
18-Jan-24,030,Emelia ,Maceda,8:50,17:40,0:20,0,8:10:00,8,8:30,17:30,1:00,65:50:00,115:07:20
19-Jan-24,030,Emelia ,Maceda,8:35,17:30,0:05,0,8:00:00,8,8:30,17:30,1:00,65:50:00,115:07:20
20-Jan-24,030,Emelia ,Maceda,8:33,17:43,0:03,0,9:13:00,8,8:30,17:30,,65:50:00,115:07:20
22-Jan-24,030,Emelia ,Maceda,8:50,17:40,0:20,0,8:10:00,8,8:30,17:30,1:00,65:50:00,115:07:20
23-Jan-24,030,Emelia ,Maceda,8:35,17:30,0:05,0,8:00:00,8,8:30,17:30,1:00,65:50:00,115:07:20
24-Jan-24,030,Emelia ,Maceda,8:33,17:43,0:03,0,8:13:00,8,8:30,17:30,1:00,65:50:00,115:07:20
25-Jan-24,030,Emelia ,Maceda,8:38,17:41,0:08,0,8:11:00,8,8:30,17:30,1:00,65:50:00,115:07:20
26-Jan-24,030,Emelia ,Maceda,8:30,17:30,0:00,0,8:00:20,8,8:30,17:30,1:00,65:50:00,115:07:20
27-Jan-24,030,Emelia ,Maceda,8:38,17:41,0:08,0,8:11:00,8,8:30,17:30,1:00,65:50:00,115:07:20
29-Jan-24,030,Emelia ,Maceda,8:38,17:40,0:08,0,8:10:00,8,8:30,17:30,1:00,65:50:00,115:07:20
30-Jan-24,030,Emelia ,Maceda,8:20,17:55,0:00,0,8:25:00,8,8:30,17:30,1:00,65:50:00,115:07:20
31-Jan-24,030,Emelia ,Maceda,8:38,17:41,0:08,0,8:11:00,8,8:30,17:30,1:00,65:50:00,115:07:20
3-Jan-24,031,Delia,Aguilar,8:45,17:40,0:15,0,8:10:00,8,8:30,17:30,1:00,89:22:40,104:53:00
4-Jan-24,031,Delia,Aguilar,8:20,17:35,0:00,0,8:05:00,8,8:30,17:30,1:00,89:22:40,104:53:00
5-Jan-24,031,Delia,Aguilar,8:24,17:37,0:00,0,8:07:00,8,8:30,17:30,1:00,89:22:40,104:53:00
6-Jan-24,031,Delia,Aguilar,8:38,17:41,0:08,0,8:11:00,8,8:30,17:30,1:00,89:22:40,104:53:00
8-Jan-24,031,Delia,Aguilar,8:24,17:37,0:00,0,8:07:00,8,8:30,17:30,1:00,89:22:40,104:53:00
9-Jan-24,031,Delia,Aguilar,8:38,17:41,0:08,0,8:11:00,8,8:30,17:30,1:00,89:22:40,104:53:00
10-Jan-24,031,Delia,Aguilar,8:30,17:30,0:00,0,8:00:20,8,8:30,17:30,1:00,89:22:40,104:53:00
11-Jan-24,031,Delia,Aguilar,8:38,17:41,0:08,0,8:11:00,8,8:30,17:30,1:00,89:22:40,104:53:00
12-Jan-24,031,Delia,Aguilar,8:30,17:30,0:00,0,8:00:20,8,8:30,17:30,1:00,89:22:40,104:53:00
13-Jan-24,031,Delia,Aguilar,8:38,17:41,0:08,0,8:11:00,8,8:30,17:30,1:00,89:22:40,104:53:00
15-Jan-24,031,Delia,Aguilar,8:32,17:39,0:02,0,8:09:00,8,8:30,17:30,1:00,89:22:40,104:53:00
16-Jan-24,031,Delia,Aguilar,8:24,17:37,0:00,0,8:07:00,8,8:30,17:30,1:00,89:22:40,104:53:00
17-Jan-24,031,Delia,Aguilar,8:38,17:41,0:08,0,8:11:00,8,8:30,17:30,1:00,89:22:40,104:53:00
18-Jan-24,031,Delia,Aguilar,8:32,17:39,0:02,0,8:09:00,8,8:30,17:30,1:00,89:22:40,104:53:00
19-Jan-24,031,Delia,Aguilar,8:24,17:37,0:00,0,8:07:00,8,8:30,17:30,1:00,89:22:40,104:53:00
20-Jan-24,031,Delia,Aguilar,8:38,17:41,0:08,0,8:11:00,8,8:30,17:30,1:00,89:22:40,104:53:00
22-Jan-24,031,Delia,Aguilar,8:42,17:05,0:12,0,7:35:00,8,8:30,17:30,1:00,89:22:40,104:53:00
23-Jan-24,031,Delia,Aguilar,8:40,17:39,0:10,0,8:09:00,8,8:30,17:30,1:00,89:22:40,104:53:00
24-Jan-24,031,Delia,Aguilar,8:20,17:36,0:00,0,8:06:00,8,8:30,17:30,1:00,89:22:40,104:53:00
25-Jan-24,031,Delia,Aguilar,8:38,17:41,0:08,0,8:11:00,8,8:30,17:30,1:00,89:22:40,104:53:00
26-Jan-24,031,Delia,Aguilar,Birthday Leave,Birthday Leave,Birthday Leave,Birthday Leave,Birthday Leave,Birthday Leave,Birthday Leave,Birthday Leave,Birthday Leave,89:22:40,104:53:00
27-Jan-24,031,Delia,Aguilar,8:38,17:41,0:08,0,8:11:00,8,8:30,17:30,1:00,89:22:40,104:53:00
29-Jan-24,031,Delia,Aguilar,8:46,17:33,0:16,0,8:03:00,8,8:30,17:30,1:00,89:22:40,104:53:00
30-Jan-24,031,Delia,Aguilar,8:40,17:20,0:10,0,7:50:00,8,8:30,17:30,1:00,89:22:40,104:53:00
31-Jan-24,031,Delia,Aguilar,8:28,17:33,0:00,0,8:03:00,8,8:30,17:30,1:00,89:22:40,104:53:00
3-Jan-24,032,John Rafael ,Castro,8:41,17:30,0:11,0,8:00:00,8,8:30,17:30,1:00,90:34:00,116:06:23
4-Jan-24,032,John Rafael ,Castro,8:30,17:30,0:00,0,8:00:00,8,8:30,17:30,1:00,90:34:00,116:06:23
5-Jan-24,032,John Rafael ,Castro,8:13,17:50,0:00,0,8:20:00,8,8:30,17:30,1:00,90:34:00,116:06:23
6-Jan-24,032,John Rafael ,Castro,8:38,17:41,0:08,0,9:11:00,8,8:30,17:30,,90:34:00,116:06:23
8-Jan-24,032,John Rafael ,Castro,8:45,17:40,0:15,0,8:10:00,8,8:30,17:30,1:00,90:34:00,116:06:23
9-Jan-24,032,John Rafael ,Castro,8:20,17:05,0:00,0,7:35:00,8,8:30,17:30,1:00,90:34:00,116:06:23
10-Jan-24,032,John Rafael ,Castro,8:38,17:41,0:08,0,8:11:00,8,8:30,17:30,1:00,90:34:00,116:06:23
11-Jan-24,032,John Rafael ,Castro,8:30,17:41,0:00,0,8:11:00,8,8:30,17:30,1:00,90:34:00,116:06:23
12-Jan-24,032,John Rafael ,Castro,8:20,17:05,0:00,0,7:35:00,8,8:30,17:30,1:00,90:34:00,116:06:23
13-Jan-24,032,John Rafael ,Castro,8:38,17:41,0:08,0,9:11:00,8,8:30,17:30,,90:34:00,116:06:23
15-Jan-24,032,John Rafael ,Castro,8:45,17:40,0:15,0,8:10:00,8,8:30,17:30,1:00,90:34:00,116:06:23
16-Jan-24,032,John Rafael ,Castro,8:54,17:43,0:24,0,8:13:23,8,8:30,17:30,1:00,90:34:00,116:06:23
17-Jan-24,032,John Rafael ,Castro,8:40,17:42,0:10,0,8:12:00,8,8:30,17:30,1:00,90:34:00,116:06:23
18-Jan-24,032,John Rafael ,Castro,8:30,17:39,0:00,0,8:09:00,8,8:30,17:30,1:00,90:34:00,116:06:23
19-Jan-24,032,John Rafael ,Castro,8:30,17:36,0:00,0,8:06:00,8,8:30,17:30,1:00,90:34:00,116:06:23
20-Jan-24,032,John Rafael ,Castro,8:35,17:34,0:05,0,8:04:00,8,8:30,17:30,1:00,90:34:00,116:06:23
22-Jan-24,032,John Rafael ,Castro,8:40,17:30,0:10,0,8:00:00,8,8:30,17:30,1:00,90:34:00,116:06:23
23-Jan-24,032,John Rafael ,Castro,8:22,17:35,0:00,0,8:05:00,8,8:30,17:30,1:00,90:34:00,116:06:23
24-Jan-24,032,John Rafael ,Castro,8:30,17:36,0:00,0,8:06:00,8,8:30,17:30,1:00,90:34:00,116:06:23
25-Jan-24,032,John Rafael ,Castro,8:35,19:00,0:05,0:30:00,9:30:00,8,8:30,17:30,1:00,90:34:00,116:06:23
26-Jan-24,032,John Rafael ,Castro,8:31,17:49,0:01,0,8:19:00,8,8:30,17:30,1:00,90:34:00,116:06:23
27-Jan-24,032,John Rafael ,Castro,8:45,17:34,0:15,0:04:00,9:04:00,8,8:30,17:30,,90:34:00,116:06:23
29-Jan-24,032,John Rafael ,Castro,8:33,17:33,0:03,0,8:03:00,8,8:30,17:30,1:00,90:34:00,116:06:23
30-Jan-24,032,John Rafael ,Castro,8:35,17:35,0:05,0,8:05:00,8,8:30,17:30,1:00,90:34:00,116:06:23
31-Jan-24,032,John Rafael ,Castro,8:33,17:40,0:03,0,8:10:00,8,8:30,17:30,1:00,90:34:00,116:06:23
3-Jan-24,033,Carlos Ian ,Martinez,8:29,17:30,0:00,0,8:00:00,8,8:30,17:30,1:00,90:56:00,114:50:00
4-Jan-24,033,Carlos Ian ,Martinez,8:30,17:30,0:00,0,8:00:00,8,8:30,17:30,1:00,90:56:00,114:50:00
5-Jan-24,033,Carlos Ian ,Martinez,8:35,17:30,0:05,0,8:00:00,8,8:30,17:30,1:00,90:56:00,114:50:00
6-Jan-24,033,Carlos Ian ,Martinez,8:33,17:43,0:03,0:13:00,9:13:00,8,8:30,17:30,,90:56:00,114:50:00
8-Jan-24,033,Carlos Ian ,Martinez,8:35,17:36,0:05,0,8:06:00,8,8:30,17:30,1:00,90:56:00,114:50:00
9-Jan-24,033,Carlos Ian ,Martinez,8:35,17:30,0:05,0,8:00:00,8,8:30,17:30,1:00,90:56:00,114:50:00
10-Jan-24,033,Carlos Ian ,Martinez,8:33,17:43,0:03,0,8:13:00,8,8:30,17:30,1:00,90:56:00,114:50:00
11-Jan-24,033,Carlos Ian ,Martinez,8:50,17:40,0:20,0,8:10:00,8,8:30,17:30,1:00,90:56:00,114:50:00
12-Jan-24,033,Carlos Ian ,Martinez,8:35,17:30,0:05,0,8:00:00,8,8:30,17:30,1:00,90:56:00,114:50:00
13-Jan-24,033,Carlos Ian ,Martinez,8:25,17:34,0:00,0:04:00,9:04:00,8,8:30,17:30,,90:56:00,114:50:00
15-Jan-24,033,Carlos Ian ,Martinez,8:50,17:40,0:20,0,8:10:00,8,8:30,17:30,1:00,90:56:00,114:50:00
16-Jan-24,033,Carlos Ian ,Martinez,8:30,17:38,0:00,0,8:08:00,8,8:30,17:30,1:00,90:56:00,114:50:00
17-Jan-24,033,Carlos Ian ,Martinez,8:27,17:37,0:00,0,8:07:00,8,8:30,17:30,1:00,90:56:00,114:50:00
18-Jan-24,033,Carlos Ian ,Martinez,8:33,17:43,0:03,0,8:13:00,8,8:30,17:30,1:00,90:56:00,114:50:00
19-Jan-24,033,Carlos Ian ,Martinez,8:35,17:30,0:05,0,8:00:00,8,8:30,17:30,1:00,90:56:00,114:50:00
20-Jan-24,033,Carlos Ian ,Martinez,8:33,17:43,0:03,0:13:00,9:13:00,8,8:30,17:30,,90:56:00,114:50:00
22-Jan-24,033,Carlos Ian ,Martinez,8:50,17:40,0:20,0,8:10:00,8,8:30,17:30,1:00,90:56:00,114:50:00
23-Jan-24,033,Carlos Ian ,Martinez,8:35,17:30,0:05,0,8:00:00,8,8:30,17:30,1:00,90:56:00,114:50:00
24-Jan-24,033,Carlos Ian ,Martinez,8:33,17:43,0:03,0,8:13:00,8,8:30,17:30,1:00,90:56:00,114:50:00
25-Jan-24,033,Carlos Ian ,Martinez,8:50,17:40,0:20,0,8:10:00,8,8:30,17:30,1:00,90:56:00,114:50:00
26-Jan-24,033,Carlos Ian ,Martinez,8:35,17:30,0:05,0,8:00:00,8,8:30,17:30,1:00,90:56:00,114:50:00
27-Jan-24,033,Carlos Ian ,Martinez,8:33,17:43,0:03,0,8:13:00,8,8:30,17:30,1:00,90:56:00,114:50:00
29-Jan-24,033,Carlos Ian ,Martinez,8:35,17:30,0:05,0,8:00:00,8,8:30,17:30,1:00,90:56:00,114:50:00
30-Jan-24,033,Carlos Ian ,Martinez,8:33,17:43,0:03,0,8:13:00,8,8:30,17:30,1:00,90:56:00,114:50:00
31-Jan-24,033,Carlos Ian ,Martinez,8:50,17:40,0:20,0,8:10:00,8,8:30,17:30,1:00,90:56:00,114:50:00
3-Jan-24,034,Beatriz ,Santos,8:23,17:39,0:00,0,8:09:00,8,8:30,17:30,1:00,89:07:00,115:43:00
4-Jan-24,034,Beatriz ,Santos,8:25,17:36,0:00,0,8:06:00,8,8:30,17:30,1:00,89:07:00,115:43:00
5-Jan-24,034,Beatriz ,Santos,8:20,17:46,0:00,0,8:16:00,8,8:30,17:30,1:00,89:07:00,115:43:00
6-Jan-24,034,Beatriz ,Santos,8:31,17:34,0:01,0,8:04:00,8,8:30,17:30,1:00,89:07:00,115:43:00
8-Jan-24,034,Beatriz ,Santos,8:50,17:31,0:20,0,8:01:00,8,8:30,17:30,1:00,89:07:00,115:43:00
9-Jan-24,034,Beatriz ,Santos,8:25,17:46,0:00,0,8:16:00,8,8:30,17:30,1:00,89:07:00,115:43:00
10-Jan-24,034,Beatriz ,Santos,8:23,17:22,0:00,0,7:52:00,8,8:30,17:30,1:00,89:07:00,115:43:00
11-Jan-24,034,Beatriz ,Santos,8:50,17:31,0:20,0,8:01:00,8,8:30,17:30,1:00,89:07:00,115:43:00
12-Jan-24,034,Beatriz ,Santos,8:30,17:36,0:00,0,8:06:00,8,8:30,17:30,1:00,89:07:00,115:43:00
13-Jan-24,034,Beatriz ,Santos,8:27,17:36,0:00,0,8:06:00,8,8:30,17:30,1:00,89:07:00,115:43:00
15-Jan-24,034,Beatriz ,Santos,8:50,17:40,0:20,0,8:10:00,8,8:30,17:30,1:00,89:07:00,115:43:00
16-Jan-24,034,Beatriz ,Santos,8:55,17:36,0:25,0,8:06:00,8,8:30,17:30,1:00,89:07:00,115:43:00
17-Jan-24,034,Beatriz ,Santos,8:31,17:34,0:01,0,8:04:00,8,8:30,17:30,1:00,89:07:00,115:43:00
18-Jan-24,034,Beatriz ,Santos,8:38,17:41,0:08,0,8:11:00,8,8:30,17:30,1:00,89:07:00,115:43:00
19-Jan-24,034,Beatriz ,Santos,8:37,18:20,0:07,0:50,8:50:00,8,8:30,17:30,1:00,89:07:00,115:43:00
20-Jan-24,034,Beatriz ,Santos,8:35,17:34,0:05,0,8:04:00,8,8:30,17:30,1:00,89:07:00,115:43:00
22-Jan-24,034,Beatriz ,Santos,8:36,19:04,0:06,1:34,9:34:00,8,8:30,17:30,1:00,89:07:00,115:43:00
23-Jan-24,034,Beatriz ,Santos,8:27,17:36,0:00,0:06,8:06:00,8,8:30,17:30,1:00,89:07:00,115:43:00
24-Jan-24,034,Beatriz ,Santos,8:30,17:38,0:00,0,8:08:00,8,8:30,17:30,1:00,89:07:00,115:43:00
25-Jan-24,034,Beatriz ,Santos,8:27,17:37,0:00,0,8:07:00,8,8:30,17:30,1:00,89:07:00,115:43:00
26-Jan-24,034,Beatriz ,Santos,8:25,17:34,0:00,0,8:04:00,8,8:30,17:30,1:00,89:07:00,115:43:00
27-Jan-24,034,Beatriz ,Santos,8:20,17:40,0:00,0,8:10:00,8,8:30,17:30,1:00,89:07:00,115:43:00
29-Jan-24,034,Beatriz ,Santos,8:30,17:39,0:00,0,8:09:00,8,8:30,17:30,1:00,89:07:00,115:43:00
30-Jan-24,034,Beatriz ,Santos,8:30,17:36,0:00,0,8:06:00,8,8:30,17:30,1:00,89:07:00,115:43:00
31-Jan-24,034,Beatriz ,Santos,8:35,17:34,0:05,0,8:04:00,8,8:30,17:30,1:00,89:07:00,115:43:00
